/*
Navicat MySQL Data Transfer

Source Server         : mysql80
Source Server Version : 80016
Source Host           : localhost:3306
Source Database       : myvhr

Target Server Type    : MYSQL
Target Server Version : 80016
File Encoding         : 65001

Date: 2020-05-31 19:56:50
*/

SET FOREIGN_KEY_CHECKS=0;

-- ----------------------------
-- Table structure for department
-- ----------------------------
DROP TABLE IF EXISTS `department`;
CREATE TABLE `department` (
`id`  int(11) NOT NULL AUTO_INCREMENT ,
`name`  varchar(32) CHARACTER SET utf8 COLLATE utf8_general_ci NULL DEFAULT NULL COMMENT '部门名称' ,
`parentId`  int(11) NULL DEFAULT NULL ,
`depPath`  varchar(255) CHARACTER SET utf8 COLLATE utf8_general_ci NULL DEFAULT NULL ,
`enabled`  tinyint(1) NULL DEFAULT 1 ,
`isParent`  tinyint(1) NULL DEFAULT 0 ,
PRIMARY KEY (`id`)
)
ENGINE=InnoDB
DEFAULT CHARACTER SET=utf8 COLLATE=utf8_general_ci
AUTO_INCREMENT=133

;

-- ----------------------------
-- Records of department
-- ----------------------------
BEGIN;
INSERT INTO `department` VALUES ('1', '赛英公司', '-1', '.1', '1', '1'), ('4', '领导层', '1', '.1.4', '1', '0'), ('122', '综合管理部', '1', '.1.122', '1', '0'), ('123', '财务部', '1', '.1.123', '1', '0'), ('124', '质量安全部', '1', '.1.124', '1', '0'), ('125', '商务企划部', '1', '.1.125', '1', '0'), ('126', '研发部(BIM中心)', '1', '.1.126', '1', '0'), ('127', '研发部', '1', '.1.127', '1', '0'), ('128', '工程建设部', '1', '.1.128', '1', '0'), ('129', 'test1', '1', '.1.129', '1', '1'), ('130', 'test2', '129', '.1.129.130', '1', '0'), ('131', '132132', '1', '.1.131', '1', '1'), ('132', 'mnmn', '131', '.1.131.132', '1', '0');
COMMIT;

-- ----------------------------
-- Table structure for employee
-- ----------------------------
DROP TABLE IF EXISTS `employee`;
CREATE TABLE `employee` (
`id`  int(11) NOT NULL AUTO_INCREMENT COMMENT '员工编号' ,
`name`  varchar(10) CHARACTER SET utf8 COLLATE utf8_general_ci NULL DEFAULT NULL COMMENT '员工姓名' ,
`gender`  char(4) CHARACTER SET utf8 COLLATE utf8_general_ci NULL DEFAULT NULL COMMENT '性别' ,
`birthday`  date NULL DEFAULT NULL COMMENT '出生日期' ,
`idCard`  char(18) CHARACTER SET utf8 COLLATE utf8_general_ci NULL DEFAULT NULL COMMENT '身份证号' ,
`wedlock`  varchar(4) CHARACTER SET utf8 COLLATE utf8_general_ci NULL DEFAULT '未婚' COMMENT '婚姻状况' ,
`nationId`  int(8) NULL DEFAULT NULL COMMENT '民族' ,
`nativePlace`  varchar(20) CHARACTER SET utf8 COLLATE utf8_general_ci NULL DEFAULT NULL COMMENT '籍贯' ,
`politicId`  int(8) NULL DEFAULT NULL COMMENT '政治面貌' ,
`email`  varchar(20) CHARACTER SET utf8 COLLATE utf8_general_ci NULL DEFAULT NULL COMMENT '邮箱' ,
`phone`  varchar(11) CHARACTER SET utf8 COLLATE utf8_general_ci NULL DEFAULT NULL COMMENT '电话号码' ,
`address`  varchar(64) CHARACTER SET utf8 COLLATE utf8_general_ci NULL DEFAULT NULL COMMENT '联系地址' ,
`departmentId`  int(11) NULL DEFAULT NULL COMMENT '所属部门' ,
`jobLevelId`  int(11) NULL DEFAULT NULL COMMENT '职称ID' ,
`posId`  int(11) NULL DEFAULT NULL COMMENT '职位ID' ,
`engageForm`  varchar(8) CHARACTER SET utf8 COLLATE utf8_general_ci NULL DEFAULT NULL COMMENT '聘用形式' ,
`tiptopDegree`  varchar(5) CHARACTER SET utf8 COLLATE utf8_general_ci NULL DEFAULT NULL COMMENT '最高学历' ,
`specialty`  varchar(32) CHARACTER SET utf8 COLLATE utf8_general_ci NULL DEFAULT NULL COMMENT '所属专业' ,
`school`  varchar(32) CHARACTER SET utf8 COLLATE utf8_general_ci NULL DEFAULT NULL COMMENT '毕业院校' ,
`beginDate`  date NULL DEFAULT NULL COMMENT '入职日期' ,
`workState`  varchar(3) CHARACTER SET utf8 COLLATE utf8_general_ci NULL DEFAULT '在职' COMMENT '在职状态' ,
`workID`  char(8) CHARACTER SET utf8 COLLATE utf8_general_ci NULL DEFAULT NULL COMMENT '工号' ,
`contractTerm`  double NULL DEFAULT NULL COMMENT '合同期限' ,
`conversionTime`  date NULL DEFAULT NULL COMMENT '转正日期' ,
`notWorkDate`  date NULL DEFAULT NULL COMMENT '离职日期' ,
`beginContract`  date NULL DEFAULT NULL COMMENT '合同起始日期' ,
`endContract`  date NULL DEFAULT NULL COMMENT '合同终止日期' ,
`workAge`  int(11) NULL DEFAULT NULL COMMENT '工龄' ,
PRIMARY KEY (`id`),
FOREIGN KEY (`departmentId`) REFERENCES `department` (`id`) ON DELETE RESTRICT ON UPDATE RESTRICT,
FOREIGN KEY (`jobLevelId`) REFERENCES `joblevel` (`id`) ON DELETE RESTRICT ON UPDATE RESTRICT,
FOREIGN KEY (`posId`) REFERENCES `position` (`id`) ON DELETE RESTRICT ON UPDATE RESTRICT,
FOREIGN KEY (`nationId`) REFERENCES `nation` (`id`) ON DELETE RESTRICT ON UPDATE RESTRICT,
FOREIGN KEY (`politicId`) REFERENCES `politicsstatus` (`id`) ON DELETE RESTRICT ON UPDATE RESTRICT,
INDEX `departmentId` (`departmentId`) USING BTREE ,
INDEX `jobId` (`jobLevelId`) USING BTREE ,
INDEX `dutyId` (`posId`) USING BTREE ,
INDEX `nationId` (`nationId`) USING BTREE ,
INDEX `politicId` (`politicId`) USING BTREE ,
INDEX `workID_key` (`workID`) USING BTREE 
)
ENGINE=InnoDB
DEFAULT CHARACTER SET=utf8 COLLATE=utf8_general_ci
AUTO_INCREMENT=2089

;

-- ----------------------------
-- Records of employee
-- ----------------------------
BEGIN;
INSERT INTO `employee` VALUES ('1953', '张建华', '男', '1989-06-19', '120102198906190001', '未婚', '1', '天津', '13', 'aaa', '15822218070', '营口道239号', '4', '14', '37', '院编制', '本科', 'aa', 'aa', '2020-05-06', '在职', '1', '0', null, null, '2020-05-03', '2020-05-27', null), ('1954', '臧莉静', '男', '2020-05-31', '120102198906190002', '未婚', '1', '天津', '13', 'aaa', '15822218070', '营口道240号', '4', '16', '38', '院编制', '本科', 'aa', 'aa', '2020-05-06', '在职', null, '3', null, null, '2017-05-10', '2020-05-07', null), ('1955', '王维刚', '男', '1989-06-19', '120102198906190001', '未婚', '1', '天津', '13', 'aaa', '15822218070', '营口道241号', '4', '16', '39', '公司编制', '本科', 'aa', 'aa', '2020-05-07', '在职', null, '0', null, null, '2020-05-03', '2020-05-27', null), ('1956', '张浩', '男', '2020-05-31', '120102198906190002', '未婚', '1', '天津', '13', 'aaa', '15822218070', '营口道242号', '4', '16', '39', '公司编制', '本科', 'aa', 'aa', '2020-05-08', '在职', null, '3', null, null, '2017-05-10', '2020-05-07', null), ('1957', '鲁航线', '男', '1989-06-19', '120102198906190001', '未婚', '1', '天津', '13', 'aaa', '15822218070', '营口道243号', '4', '14', '40', '公司编制', '本科', 'aa', 'aa', '2020-05-09', '在职', null, '0', null, null, '2020-05-03', '2020-05-27', null), ('1958', '王磊', '男', '2020-05-31', '120102198906190002', '未婚', '1', '天津', '13', 'aaa', '15822218070', '营口道244号', '4', '14', '41', '公司编制', '本科', 'aa', 'aa', '2020-05-10', '在职', null, '3', null, null, '2017-05-10', '2020-05-07', null), ('1959', '刘丽', '男', '1989-06-19', '120102198906190001', '未婚', '1', '天津', '13', 'aaa', '15822218070', '营口道245号', '122', '14', '42', '公司编制', '本科', 'aa', 'aa', '2020-05-11', '在职', null, '0', null, null, '2020-05-03', '2020-05-27', null), ('1960', '王向辉', '男', '2020-05-31', '120102198906190002', '未婚', '1', '天津', '13', 'aaa', '15822218070', '营口道246号', '122', '14', '42', '公司编制', '本科', 'aa', 'aa', '2020-05-12', '在职', null, '3', null, null, '2017-05-10', '2020-05-07', null), ('1961', '王昕', '男', '1989-06-19', '120102198906190001', '未婚', '1', '天津', '13', 'aaa', '15822218070', '营口道247号', '122', '14', '42', '公司编制', '本科', 'aa', 'aa', '2020-05-13', '在职', null, '2.14285714285714', null, null, '2020-05-03', '2020-05-27', null), ('1962', '张天雄', '男', '2020-05-31', '120102198906190002', '未婚', '1', '天津', '13', 'aaa', '15822218070', '营口道248号', '122', '14', '42', '公司编制', '本科', 'aa', 'aa', '2020-05-14', '在职', null, '2.28571428571429', null, null, '2017-05-10', '2020-05-07', null), ('1963', '宋巍', '男', '1989-06-19', '120102198906190001', '未婚', '1', '天津', '13', 'aaa', '15822218070', '营口道249号', '126', '14', '41', '公司编制', '本科', 'aa', 'aa', '2020-05-15', '在职', null, '2.42857142857143', null, null, '2020-05-03', '2020-05-27', null), ('1964', '张晓璇', '男', '2020-05-31', '120102198906190002', '未婚', '1', '天津', '13', 'aaa', '15822218070', '营口道250号', '126', '14', '41', '公司编制', '本科', 'aa', 'aa', '2020-05-16', '在职', null, '2.57142857142857', null, null, '2017-05-10', '2020-05-07', null), ('1965', '杨子立', '男', '1989-06-19', '120102198906190001', '未婚', '1', '天津', '13', 'aaa', '15822218070', '营口道251号', '126', '14', '41', '公司编制', '本科', 'aa', 'aa', '2020-05-17', '在职', null, '2.71428571428571', null, null, '2020-05-03', '2020-05-27', null), ('1966', '李菁', '男', '2020-05-31', '120102198906190002', '未婚', '1', '天津', '13', 'aaa', '15822218070', '营口道252号', '126', '14', '41', '公司编制', '本科', 'aa', 'aa', '2020-05-18', '在职', null, '2.85714285714286', null, null, '2017-05-10', '2020-05-07', null), ('1967', '张杨', '男', '1989-06-19', '120102198906190001', '未婚', '1', '天津', '13', 'aaa', '15822218070', '营口道253号', '126', '14', '41', '公司编制', '本科', 'aa', 'aa', '2020-05-19', '在职', null, '3', null, null, '2020-05-03', '2020-05-27', null), ('1968', '张述超', '男', '2020-05-31', '120102198906190002', '未婚', '1', '天津', '13', 'aaa', '15822218070', '营口道254号', '126', '14', '41', '公司编制', '本科', 'aa', 'aa', '2020-05-20', '在职', null, '3.14285714285714', null, null, '2017-05-10', '2020-05-07', null), ('1969', '伍梦竹', '男', '1989-06-19', '120102198906190001', '未婚', '1', '天津', '13', 'aaa', '15822218070', '营口道255号', '126', '14', '41', '公司编制', '本科', 'aa', 'aa', '2020-05-21', '在职', null, '3.28571428571429', null, null, '2020-05-03', '2020-05-27', null), ('1970', '李彦', '男', '2020-05-31', '120102198906190002', '未婚', '1', '天津', '13', 'aaa', '15822218070', '营口道256号', '126', '14', '41', '公司编制', '本科', 'aa', 'aa', '2020-05-22', '在职', null, '3.42857142857143', null, null, '2017-05-10', '2020-05-07', null), ('1971', '李倩', '男', '1989-06-19', '120102198906190001', '未婚', '1', '天津', '13', 'aaa', '15822218070', '营口道257号', '126', '14', '41', '公司编制', '本科', 'aa', 'aa', '2020-05-23', '在职', null, '3.57142857142857', null, null, '2020-05-03', '2020-05-27', null), ('1972', '寇琳', '男', '2020-05-31', '120102198906190002', '未婚', '1', '天津', '13', 'aaa', '15822218070', '营口道258号', '126', '14', '41', '公司编制', '本科', 'aa', 'aa', '2020-05-24', '在职', null, '3.71428571428571', null, null, '2017-05-10', '2020-05-07', null), ('1973', '曹琳', '男', '1989-06-19', '120102198906190001', '未婚', '1', '天津', '13', 'aaa', '15822218070', '营口道259号', '126', '14', '41', '公司编制', '本科', 'aa', 'aa', '2020-05-25', '在职', null, '3.85714285714286', null, null, '2020-05-03', '2020-05-27', null), ('1974', ' 胡哲卿', '男', '2020-05-31', '120102198906190002', '未婚', '1', '天津', '13', 'aaa', '15822218070', '营口道260号', '126', '14', '41', '公司编制', '本科', 'aa', 'aa', '2020-05-26', '在职', null, '4', null, null, '2017-05-10', '2020-05-07', null), ('1975', '张潇', '男', '1989-06-19', '120102198906190001', '未婚', '1', '天津', '13', 'aaa', '15822218070', '营口道261号', '126', '14', '41', '公司编制', '本科', 'aa', 'aa', '2020-05-27', '在职', null, '4.14285714285714', null, null, '2020-05-03', '2020-05-27', null), ('1976', '宋幸达', '男', '2020-05-31', '120102198906190002', '未婚', '1', '天津', '13', 'aaa', '15822218070', '营口道262号', '126', '14', '41', '公司编制', '本科', 'aa', 'aa', '2020-05-28', '在职', null, '4.28571428571429', null, null, '2017-05-10', '2020-05-07', null), ('1977', '时振君', '男', '1989-06-19', '120102198906190001', '未婚', '1', '天津', '13', 'aaa', '15822218070', '营口道263号', '126', '14', '41', '公司编制', '本科', 'aa', 'aa', '2020-05-29', '在职', null, '4.42857142857143', null, null, '2020-05-03', '2020-05-27', null), ('1978', '褚清元', '男', '2020-05-31', '120102198906190002', '未婚', '1', '天津', '13', 'aaa', '15822218070', '营口道264号', '126', '14', '41', '公司编制', '本科', 'aa', 'aa', '2020-05-30', '在职', null, '4.57142857142857', null, null, '2017-05-10', '2020-05-07', null), ('1979', '杨嗣葆', '男', '1989-06-19', '120102198906190001', '未婚', '1', '天津', '13', 'aaa', '15822218070', '营口道265号', '126', '14', '41', '公司编制', '本科', 'aa', 'aa', '2020-05-31', '在职', null, '4.71428571428571', null, null, '2020-05-03', '2020-05-27', null), ('1980', '陈翔', '男', '2020-05-31', '120102198906190002', '未婚', '1', '天津', '13', 'aaa', '15822218070', '营口道266号', '126', '14', '41', '公司编制', '本科', 'aa', 'aa', '2020-06-01', '在职', null, '4.85714285714286', null, null, '2017-05-10', '2020-05-07', null), ('1981', '李金顺', '男', '1989-06-19', '120102198906190001', '未婚', '1', '天津', '13', 'aaa', '15822218070', '营口道267号', '126', '14', '41', '公司编制', '本科', 'aa', 'aa', '2020-06-02', '在职', null, '5', null, null, '2020-05-03', '2020-05-27', null), ('1982', '罗碧辉', '男', '2020-05-31', '120102198906190002', '未婚', '1', '天津', '13', 'aaa', '15822218070', '营口道268号', '126', '14', '41', '公司编制', '本科', 'aa', 'aa', '2020-06-03', '在职', null, '5.14285714285714', null, null, '2017-05-10', '2020-05-07', null), ('1983', '胡伯学', '男', '1989-06-19', '120102198906190001', '未婚', '1', '天津', '13', 'aaa', '15822218070', '营口道269号', '126', '14', '41', '公司编制', '本科', 'aa', 'aa', '2020-06-04', '在职', null, '5.28571428571429', null, null, '2020-05-03', '2020-05-27', null), ('1984', '高丽强', '男', '2020-05-31', '120102198906190002', '未婚', '1', '天津', '13', 'aaa', '15822218070', '营口道270号', '126', '14', '41', '公司编制', '本科', 'aa', 'aa', '2020-06-05', '在职', null, '5.42857142857143', null, null, '2017-05-10', '2020-05-07', null), ('1985', '王磊', '男', '1989-06-19', '120102198906190001', '未婚', '1', '天津', '13', 'aaa', '15822218070', '营口道271号', '126', '14', '41', '公司编制', '本科', 'aa', 'aa', '2020-06-06', '在职', null, '5.57142857142857', null, null, '2020-05-03', '2020-05-27', null), ('1986', '孙卫彬', '男', '2020-05-31', '120102198906190002', '未婚', '1', '天津', '13', 'aaa', '15822218070', '营口道272号', '126', '14', '41', '公司编制', '本科', 'aa', 'aa', '2020-06-07', '在职', null, '5.71428571428571', null, null, '2017-05-10', '2020-05-07', null), ('1987', '付昆', '男', '1989-06-19', '120102198906190001', '未婚', '1', '天津', '13', 'aaa', '15822218070', '营口道273号', '126', '14', '41', '公司编制', '本科', 'aa', 'aa', '2020-06-08', '在职', null, '5.85714285714286', null, null, '2020-05-03', '2020-05-27', null), ('1988', '刘彬彬', '男', '2020-05-31', '120102198906190002', '未婚', '1', '天津', '13', 'aaa', '15822218070', '营口道274号', '126', '14', '41', '公司编制', '本科', 'aa', 'aa', '2020-06-09', '在职', null, '6', null, null, '2017-05-10', '2020-05-07', null), ('1989', '王翼', '男', '1989-06-19', '120102198906190001', '未婚', '1', '天津', '13', 'aaa', '15822218070', '营口道275号', '126', '14', '41', '公司编制', '本科', 'aa', 'aa', '2020-06-10', '在职', null, '6.14285714285714', null, null, '2020-05-03', '2020-05-27', null), ('1990', '王明辉', '男', '2020-05-31', '120102198906190002', '未婚', '1', '天津', '13', 'aaa', '15822218070', '营口道276号', '126', '14', '41', '公司编制', '本科', 'aa', 'aa', '2020-06-11', '在职', null, '6.28571428571429', null, null, '2017-05-10', '2020-05-07', null), ('1991', '岳凤伟', '男', '1989-06-19', '120102198906190001', '未婚', '1', '天津', '13', 'aaa', '15822218070', '营口道277号', '126', '14', '41', '公司编制', '本科', 'aa', 'aa', '2020-06-12', '在职', null, '6.42857142857143', null, null, '2020-05-03', '2020-05-27', null), ('1992', '马节省', '男', '2020-05-31', '120102198906190002', '未婚', '1', '天津', '13', 'aaa', '15822218070', '营口道278号', '126', '14', '41', '公司编制', '本科', 'aa', 'aa', '2020-06-13', '在职', null, '6.57142857142857', null, null, '2017-05-10', '2020-05-07', null), ('1993', '马骏', '男', '1989-06-19', '120102198906190001', '未婚', '1', '天津', '13', 'aaa', '15822218070', '营口道279号', '126', '14', '41', '公司编制', '本科', 'aa', 'aa', '2020-06-14', '在职', null, '6.71428571428571', null, null, '2020-05-03', '2020-05-27', null), ('1994', '赵建飞', '男', '2020-05-31', '120102198906190002', '未婚', '1', '天津', '13', 'aaa', '15822218070', '营口道280号', '126', '14', '41', '公司编制', '本科', 'aa', 'aa', '2020-06-15', '在职', null, '6.85714285714286', null, null, '2017-05-10', '2020-05-07', null), ('1995', '张亮', '男', '1989-06-19', '120102198906190001', '未婚', '1', '天津', '13', 'aaa', '15822218070', '营口道281号', '126', '14', '41', '公司编制', '本科', 'aa', 'aa', '2020-06-16', '在职', null, '7', null, null, '2020-05-03', '2020-05-27', null), ('1996', '辛喆', '男', '2020-05-31', '120102198906190002', '未婚', '1', '天津', '13', 'aaa', '15822218070', '营口道282号', '126', '14', '41', '公司编制', '本科', 'aa', 'aa', '2020-06-17', '在职', null, '7.14285714285714', null, null, '2017-05-10', '2020-05-07', null), ('1997', '黄瑞杰', '男', '1989-06-19', '120102198906190001', '未婚', '1', '天津', '13', 'aaa', '15822218070', '营口道283号', '126', '14', '41', '公司编制', '本科', 'aa', 'aa', '2020-06-18', '在职', null, '7.28571428571429', null, null, '2020-05-03', '2020-05-27', null), ('1998', '王一凡', '男', '2020-05-31', '120102198906190002', '未婚', '1', '天津', '13', 'aaa', '15822218070', '营口道284号', '126', '14', '41', '公司编制', '本科', 'aa', 'aa', '2020-06-19', '在职', null, '7.42857142857143', null, null, '2017-05-10', '2020-05-07', null), ('1999', '王翊菲', '男', '1989-06-19', '120102198906190001', '未婚', '1', '天津', '13', 'aaa', '15822218070', '营口道285号', '126', '14', '41', '公司编制', '本科', 'aa', 'aa', '2020-06-20', '在职', null, '7.57142857142857', null, null, '2020-05-03', '2020-05-27', null), ('2000', '秦鹏', '男', '2020-05-31', '120102198906190002', '未婚', '1', '天津', '13', 'aaa', '15822218070', '营口道286号', '126', '14', '41', '公司编制', '本科', 'aa', 'aa', '2020-06-21', '在职', null, '7.71428571428571', null, null, '2017-05-10', '2020-05-07', null), ('2001', '傅亚南', '男', '1989-06-19', '120102198906190001', '未婚', '1', '天津', '13', 'aaa', '15822218070', '营口道287号', '126', '14', '41', '公司编制', '本科', 'aa', 'aa', '2020-06-22', '在职', null, '7.85714285714286', null, null, '2020-05-03', '2020-05-27', null), ('2002', '范存裕', '男', '2020-05-31', '120102198906190002', '未婚', '1', '天津', '13', 'aaa', '15822218070', '营口道288号', '126', '14', '41', '公司编制', '本科', 'aa', 'aa', '2020-06-23', '在职', null, '8', null, null, '2017-05-10', '2020-05-07', null), ('2003', '王云龙', '男', '1989-06-19', '120102198906190001', '未婚', '1', '天津', '13', 'aaa', '15822218070', '营口道289号', '126', '14', '41', '公司编制', '本科', 'aa', 'aa', '2020-06-24', '在职', null, '8.14285714285714', null, null, '2020-05-03', '2020-05-27', null), ('2004', '郭明', '男', '2020-05-31', '120102198906190002', '未婚', '1', '天津', '13', 'aaa', '15822218070', '营口道290号', '126', '14', '41', '公司编制', '本科', 'aa', 'aa', '2020-06-25', '在职', null, '8.28571428571429', null, null, '2017-05-10', '2020-05-07', null), ('2005', '李茂奇', '男', '1989-06-19', '120102198906190001', '未婚', '1', '天津', '13', 'aaa', '15822218070', '营口道291号', '126', '14', '41', '公司编制', '本科', 'aa', 'aa', '2020-06-26', '在职', null, '8.42857142857143', null, null, '2020-05-03', '2020-05-27', null), ('2006', '万洁', '男', '2020-05-31', '120102198906190002', '未婚', '1', '天津', '13', 'aaa', '15822218070', '营口道292号', '126', '14', '41', '公司编制', '本科', 'aa', 'aa', '2020-06-27', '在职', null, '8.57142857142857', null, null, '2017-05-10', '2020-05-07', null), ('2007', '张磊', '男', '1989-06-19', '120102198906190001', '未婚', '1', '天津', '13', 'aaa', '15822218070', '营口道293号', '126', '14', '41', '公司编制', '本科', 'aa', 'aa', '2020-06-28', '在职', null, '8.71428571428571', null, null, '2020-05-03', '2020-05-27', null), ('2008', '刘鑫波', '男', '2020-05-31', '120102198906190002', '未婚', '1', '天津', '13', 'aaa', '15822218070', '营口道294号', '126', '14', '41', '公司编制', '本科', 'aa', 'aa', '2020-06-29', '在职', null, '8.85714285714286', null, null, '2017-05-10', '2020-05-07', null), ('2009', '王翊', '男', '1989-06-19', '120102198906190001', '未婚', '1', '天津', '13', 'aaa', '15822218070', '营口道295号', '126', '14', '41', '公司编制', '本科', 'aa', 'aa', '2020-06-30', '在职', null, '9', null, null, '2020-05-03', '2020-05-27', null), ('2010', '顾欣', '男', '2020-05-31', '120102198906190002', '未婚', '1', '天津', '13', 'aaa', '15822218070', '营口道296号', '126', '14', '41', '公司编制', '本科', 'aa', 'aa', '2020-07-01', '在职', null, '9.14285714285714', null, null, '2017-05-10', '2020-05-07', null), ('2011', '李士闯', '男', '1989-06-19', '120102198906190001', '未婚', '1', '天津', '13', 'aaa', '15822218070', '营口道297号', '126', '14', '41', '公司编制', '本科', 'aa', 'aa', '2020-07-02', '在职', null, '9.28571428571428', null, null, '2020-05-03', '2020-05-27', null), ('2012', '刘洋', '男', '2020-05-31', '120102198906190002', '未婚', '1', '天津', '13', 'aaa', '15822218070', '营口道298号', '126', '14', '41', '公司编制', '本科', 'aa', 'aa', '2020-07-03', '在职', null, '9.42857142857143', null, null, '2017-05-10', '2020-05-07', null), ('2013', '徐国雷', '男', '1989-06-19', '120102198906190001', '未婚', '1', '天津', '13', 'aaa', '15822218070', '营口道299号', '126', '14', '41', '公司编制', '本科', 'aa', 'aa', '2020-07-04', '在职', null, '9.57142857142857', null, null, '2020-05-03', '2020-05-27', null), ('2014', '张晶汇', '男', '2020-05-31', '120102198906190002', '未婚', '1', '天津', '13', 'aaa', '15822218070', '营口道300号', '126', '14', '41', '公司编制', '本科', 'aa', 'aa', '2020-07-05', '在职', null, '9.71428571428571', null, null, '2017-05-10', '2020-05-07', null), ('2015', '成兴龙', '男', '1989-06-19', '120102198906190001', '未婚', '1', '天津', '13', 'aaa', '15822218070', '营口道301号', '126', '14', '41', '公司编制', '本科', 'aa', 'aa', '2020-07-06', '在职', null, '9.85714285714286', null, null, '2020-05-03', '2020-05-27', null), ('2016', '李冬桢', '男', '2020-05-31', '120102198906190002', '未婚', '1', '天津', '13', 'aaa', '15822218070', '营口道302号', '126', '14', '41', '公司编制', '本科', 'aa', 'aa', '2020-07-07', '在职', null, '10', null, null, '2017-05-10', '2020-05-07', null), ('2017', '张鑫', '男', '1989-06-19', '120102198906190001', '未婚', '1', '天津', '13', 'aaa', '15822218070', '营口道303号', '126', '14', '41', '公司编制', '本科', 'aa', 'aa', '2020-07-08', '在职', null, '10.1428571428571', null, null, '2020-05-03', '2020-05-27', null), ('2018', '刘会文', '男', '2020-05-31', '120102198906190002', '未婚', '1', '天津', '13', 'aaa', '15822218070', '营口道304号', '126', '14', '41', '公司编制', '本科', 'aa', 'aa', '2020-07-09', '在职', null, '10.2857142857143', null, null, '2017-05-10', '2020-05-07', null), ('2019', '李子飘', '男', '1989-06-19', '120102198906190001', '未婚', '1', '天津', '13', 'aaa', '15822218070', '营口道305号', '126', '14', '41', '公司编制', '本科', 'aa', 'aa', '2020-07-10', '在职', null, '10.4285714285714', null, null, '2020-05-03', '2020-05-27', null), ('2020', '宋超', '男', '2020-05-31', '120102198906190002', '未婚', '1', '天津', '13', 'aaa', '15822218070', '营口道306号', '126', '14', '41', '公司编制', '本科', 'aa', 'aa', '2020-07-11', '在职', null, '10.5714285714286', null, null, '2017-05-10', '2020-05-07', null), ('2021', '陈曦', '男', '1989-06-19', '120102198906190001', '未婚', '1', '天津', '13', 'aaa', '15822218070', '营口道307号', '126', '14', '41', '公司编制', '本科', 'aa', 'aa', '2020-07-12', '在职', null, '10.7142857142857', null, null, '2020-05-03', '2020-05-27', null), ('2022', '邢德伟', '男', '2020-05-31', '120102198906190002', '未婚', '1', '天津', '13', 'aaa', '15822218070', '营口道308号', '126', '14', '41', '公司编制', '本科', 'aa', 'aa', '2020-07-13', '在职', null, '10.8571428571429', null, null, '2017-05-10', '2020-05-07', null), ('2023', '梁淼', '男', '1989-06-19', '120102198906190001', '未婚', '1', '天津', '13', 'aaa', '15822218070', '营口道309号', '126', '14', '41', '公司编制', '本科', 'aa', 'aa', '2020-07-14', '在职', null, '11', null, null, '2020-05-03', '2020-05-27', null), ('2024', '白云', '男', '2020-05-31', '120102198906190002', '未婚', '1', '天津', '13', 'aaa', '15822218070', '营口道310号', '126', '14', '41', '公司编制', '本科', 'aa', 'aa', '2020-07-15', '在职', null, '11.1428571428571', null, null, '2017-05-10', '2020-05-07', null), ('2025', '李强', '男', '1989-06-19', '120102198906190001', '未婚', '1', '天津', '13', 'aaa', '15822218070', '营口道311号', '126', '14', '41', '公司编制', '本科', 'aa', 'aa', '2020-07-16', '在职', null, '11.2857142857143', null, null, '2020-05-03', '2020-05-27', null), ('2026', '张震涛', '男', '2020-05-31', '120102198906190002', '未婚', '1', '天津', '13', 'aaa', '15822218070', '营口道312号', '126', '14', '41', '公司编制', '本科', 'aa', 'aa', '2020-07-17', '在职', null, '11.4285714285714', null, null, '2017-05-10', '2020-05-07', null), ('2027', '赵如涛', '男', '1989-06-19', '120102198906190001', '未婚', '1', '天津', '13', 'aaa', '15822218070', '营口道313号', '126', '14', '41', '公司编制', '本科', 'aa', 'aa', '2020-07-18', '在职', null, '11.5714285714286', null, null, '2020-05-03', '2020-05-27', null), ('2028', '刘建松', '男', '2020-05-31', '120102198906190002', '未婚', '1', '天津', '13', 'aaa', '15822218070', '营口道314号', '126', '14', '41', '公司编制', '本科', 'aa', 'aa', '2020-07-19', '在职', null, '11.7142857142857', null, null, '2017-05-10', '2020-05-07', null), ('2029', '蔡一灿', '男', '1989-06-19', '120102198906190001', '未婚', '1', '天津', '13', 'aaa', '15822218070', '营口道315号', '126', '14', '41', '公司编制', '本科', 'aa', 'aa', '2020-07-20', '在职', null, '11.8571428571429', null, null, '2020-05-03', '2020-05-27', null), ('2030', '孙卫亮', '男', '2020-05-31', '120102198906190002', '未婚', '1', '天津', '13', 'aaa', '15822218070', '营口道316号', '126', '14', '41', '公司编制', '本科', 'aa', 'aa', '2020-07-21', '在职', null, '12', null, null, '2017-05-10', '2020-05-07', null), ('2031', '冯素芳', '男', '1989-06-19', '120102198906190001', '未婚', '1', '天津', '13', 'aaa', '15822218070', '营口道317号', '126', '14', '41', '公司编制', '本科', 'aa', 'aa', '2020-07-22', '在职', null, '12.1428571428571', null, null, '2020-05-03', '2020-05-27', null), ('2032', '张勇', '男', '2020-05-31', '120102198906190002', '未婚', '1', '天津', '13', 'aaa', '15822218070', '营口道318号', '126', '14', '41', '公司编制', '本科', 'aa', 'aa', '2020-07-23', '在职', null, '12.2857142857143', null, null, '2017-05-10', '2020-05-07', null), ('2033', '高祥吉', '男', '1989-06-19', '120102198906190001', '未婚', '1', '天津', '13', 'aaa', '15822218070', '营口道319号', '126', '14', '41', '公司编制', '本科', 'aa', 'aa', '2020-07-24', '在职', null, '12.4285714285714', null, null, '2020-05-03', '2020-05-27', null), ('2034', '刘义东', '男', '2020-05-31', '120102198906190002', '未婚', '1', '天津', '13', 'aaa', '15822218070', '营口道320号', '126', '14', '41', '公司编制', '本科', 'aa', 'aa', '2020-07-25', '在职', null, '12.5714285714286', null, null, '2017-05-10', '2020-05-07', null), ('2035', '段志龙', '男', '1989-06-19', '120102198906190001', '未婚', '1', '天津', '13', 'aaa', '15822218070', '营口道321号', '126', '14', '41', '公司编制', '本科', 'aa', 'aa', '2020-07-26', '在职', null, '12.7142857142857', null, null, '2020-05-03', '2020-05-27', null), ('2036', '李芝水', '男', '2020-05-31', '120102198906190002', '未婚', '1', '天津', '13', 'aaa', '15822218070', '营口道322号', '126', '14', '41', '公司编制', '本科', 'aa', 'aa', '2020-07-27', '在职', null, '12.8571428571429', null, null, '2017-05-10', '2020-05-07', null), ('2037', '李欢', '男', '1989-06-19', '120102198906190001', '未婚', '1', '天津', '13', 'aaa', '15822218070', '营口道323号', '126', '14', '41', '公司编制', '本科', 'aa', 'aa', '2020-07-28', '在职', null, '13', null, null, '2020-05-03', '2020-05-27', null), ('2038', '张承润', '男', '2020-05-31', '120102198906190002', '未婚', '1', '天津', '13', 'aaa', '15822218070', '营口道324号', '126', '14', '41', '公司编制', '本科', 'aa', 'aa', '2020-07-29', '在职', null, '13.1428571428571', null, null, '2017-05-10', '2020-05-07', null), ('2039', '李亚光', '男', '1989-06-19', '120102198906190001', '未婚', '1', '天津', '13', 'aaa', '15822218070', '营口道325号', '126', '14', '41', '公司编制', '本科', 'aa', 'aa', '2020-07-30', '在职', null, '13.2857142857143', null, null, '2020-05-03', '2020-05-27', null), ('2040', '游育君', '男', '2020-05-31', '120102198906190002', '未婚', '1', '天津', '13', 'aaa', '15822218070', '营口道326号', '126', '14', '41', '公司编制', '本科', 'aa', 'aa', '2020-07-31', '在职', null, '13.4285714285714', null, null, '2017-05-10', '2020-05-07', null), ('2041', '沈鑫', '男', '1989-06-19', '120102198906190001', '未婚', '1', '天津', '13', 'aaa', '15822218070', '营口道327号', '126', '14', '41', '公司编制', '本科', 'aa', 'aa', '2020-08-01', '在职', null, '13.5714285714286', null, null, '2020-05-03', '2020-05-27', null), ('2042', '王立峰', '男', '2020-05-31', '120102198906190002', '未婚', '1', '天津', '13', 'aaa', '15822218070', '营口道328号', '126', '14', '41', '公司编制', '本科', 'aa', 'aa', '2020-08-02', '在职', null, '13.7142857142857', null, null, '2017-05-10', '2020-05-07', null), ('2043', '侯越', '男', '1989-06-19', '120102198906190001', '未婚', '1', '天津', '13', 'aaa', '15822218070', '营口道329号', '126', '14', '41', '公司编制', '本科', 'aa', 'aa', '2020-08-03', '在职', null, '13.8571428571429', null, null, '2020-05-03', '2020-05-27', null), ('2044', '苑博文', '男', '2020-05-31', '120102198906190002', '未婚', '1', '天津', '13', 'aaa', '15822218070', '营口道330号', '126', '14', '41', '公司编制', '本科', 'aa', 'aa', '2020-08-04', '在职', null, '14', null, null, '2017-05-10', '2020-05-07', null), ('2045', '闫萍', '男', '1989-06-19', '120102198906190001', '未婚', '1', '天津', '13', 'aaa', '15822218070', '营口道331号', '126', '14', '41', '公司编制', '本科', 'aa', 'aa', '2020-08-05', '在职', null, '14.1428571428571', null, null, '2020-05-03', '2020-05-27', null), ('2046', '胡松轩', '男', '2020-05-31', '120102198906190002', '未婚', '1', '天津', '13', 'aaa', '15822218070', '营口道332号', '126', '14', '41', '公司编制', '本科', 'aa', 'aa', '2020-08-06', '在职', null, '14.2857142857143', null, null, '2017-05-10', '2020-05-07', null), ('2047', '尚婧', '男', '1989-06-19', '120102198906190001', '未婚', '1', '天津', '13', 'aaa', '15822218070', '营口道333号', '126', '14', '41', '公司编制', '本科', 'aa', 'aa', '2020-08-07', '在职', null, '14.4285714285714', null, null, '2020-05-03', '2020-05-27', null), ('2048', '邵瑄', '男', '2020-05-31', '120102198906190002', '未婚', '1', '天津', '13', 'aaa', '15822218070', '营口道334号', '126', '14', '41', '公司编制', '本科', 'aa', 'aa', '2020-08-08', '在职', null, '14.5714285714286', null, null, '2017-05-10', '2020-05-07', null), ('2049', '耳建辉', '男', '1989-06-19', '120102198906190001', '未婚', '1', '天津', '13', 'aaa', '15822218070', '营口道335号', '126', '14', '41', '公司编制', '本科', 'aa', 'aa', '2020-08-09', '在职', null, '14.7142857142857', null, null, '2020-05-03', '2020-05-27', null), ('2050', '赵媛媛', '男', '2020-05-31', '120102198906190002', '未婚', '1', '天津', '13', 'aaa', '15822218070', '营口道336号', '126', '14', '41', '公司编制', '本科', 'aa', 'aa', '2020-08-10', '在职', null, '14.8571428571429', null, null, '2017-05-10', '2020-05-07', null), ('2051', '陈柏旭', '男', '1989-06-19', '120102198906190001', '未婚', '1', '天津', '13', 'aaa', '15822218070', '营口道337号', '126', '14', '41', '公司编制', '本科', 'aa', 'aa', '2020-08-11', '在职', null, '15', null, null, '2020-05-03', '2020-05-27', null), ('2052', '范力', '男', '2020-05-31', '120102198906190002', '未婚', '1', '天津', '13', 'aaa', '15822218070', '营口道338号', '126', '14', '41', '公司编制', '本科', 'aa', 'aa', '2020-08-12', '在职', null, '15.1428571428571', null, null, '2017-05-10', '2020-05-07', null);
INSERT INTO `employee` VALUES ('2053', '祁杰', '男', '1989-06-19', '120102198906190001', '未婚', '1', '天津', '13', 'aaa', '15822218070', '营口道339号', '126', '14', '41', '公司编制', '本科', 'aa', 'aa', '2020-08-13', '在职', null, '15.2857142857143', null, null, '2020-05-03', '2020-05-27', null), ('2054', '王延', '男', '2020-05-31', '120102198906190002', '未婚', '1', '天津', '13', 'aaa', '15822218070', '营口道340号', '126', '14', '41', '公司编制', '本科', 'aa', 'aa', '2020-08-14', '在职', null, '15.4285714285714', null, null, '2017-05-10', '2020-05-07', null), ('2055', '曹明其', '男', '1989-06-19', '120102198906190001', '未婚', '1', '天津', '13', 'aaa', '15822218070', '营口道341号', '126', '14', '41', '公司编制', '本科', 'aa', 'aa', '2020-08-15', '在职', null, '15.5714285714286', null, null, '2020-05-03', '2020-05-27', null), ('2056', '朱磊', '男', '2020-05-31', '120102198906190002', '未婚', '1', '天津', '13', 'aaa', '15822218070', '营口道342号', '126', '14', '41', '公司编制', '本科', 'aa', 'aa', '2020-08-16', '在职', null, '15.7142857142857', null, null, '2017-05-10', '2020-05-07', null), ('2057', '闫伟', '男', '1989-06-19', '120102198906190001', '未婚', '1', '天津', '13', 'aaa', '15822218070', '营口道343号', '126', '14', '41', '公司编制', '本科', 'aa', 'aa', '2020-08-17', '在职', null, '15.8571428571429', null, null, '2020-05-03', '2020-05-27', null), ('2058', '宋亮', '男', '2020-05-31', '120102198906190002', '未婚', '1', '天津', '13', 'aaa', '15822218070', '营口道344号', '126', '14', '41', '公司编制', '本科', 'aa', 'aa', '2020-08-18', '在职', null, '16', null, null, '2017-05-10', '2020-05-07', null), ('2059', '张淑静', '男', '1989-06-19', '120102198906190001', '未婚', '1', '天津', '13', 'aaa', '15822218070', '营口道345号', '126', '14', '41', '公司编制', '本科', 'aa', 'aa', '2020-08-19', '在职', null, '16.1428571428571', null, null, '2020-05-03', '2020-05-27', null), ('2060', '潘建男', '男', '2020-05-31', '120102198906190002', '未婚', '1', '天津', '13', 'aaa', '15822218070', '营口道346号', '126', '14', '41', '公司编制', '本科', 'aa', 'aa', '2020-08-20', '在职', null, '16.2857142857143', null, null, '2017-05-10', '2020-05-07', null), ('2061', '杜海涛', '男', '1989-06-19', '120102198906190001', '未婚', '1', '天津', '13', 'aaa', '15822218070', '营口道347号', '126', '14', '41', '公司编制', '本科', 'aa', 'aa', '2020-08-21', '在职', null, '16.4285714285714', null, null, '2020-05-03', '2020-05-27', null), ('2062', '范亦博', '男', '2020-05-31', '120102198906190002', '未婚', '1', '天津', '13', 'aaa', '15822218070', '营口道348号', '126', '14', '41', '公司编制', '本科', 'aa', 'aa', '2020-08-22', '在职', null, '16.5714285714286', null, null, '2017-05-10', '2020-05-07', null), ('2063', '于明', '男', '1989-06-19', '120102198906190001', '未婚', '1', '天津', '13', 'aaa', '15822218070', '营口道349号', '126', '14', '41', '公司编制', '本科', 'aa', 'aa', '2020-08-23', '在职', null, '16.7142857142857', null, null, '2020-05-03', '2020-05-27', null), ('2064', '谢鹏', '男', '2020-05-31', '120102198906190002', '未婚', '1', '天津', '13', 'aaa', '15822218070', '营口道350号', '126', '14', '41', '公司编制', '本科', 'aa', 'aa', '2020-08-24', '在职', null, '16.8571428571429', null, null, '2017-05-10', '2020-05-07', null), ('2065', '杨悦', '男', '1989-06-19', '120102198906190001', '未婚', '1', '天津', '13', 'aaa', '15822218070', '营口道351号', '126', '14', '41', '公司编制', '本科', 'aa', 'aa', '2020-08-25', '在职', null, '17', null, null, '2020-05-03', '2020-05-27', null), ('2066', '王嘉欣', '男', '2020-05-31', '120102198906190002', '未婚', '1', '天津', '13', 'aaa', '15822218070', '营口道352号', '126', '14', '41', '公司编制', '本科', 'aa', 'aa', '2020-08-26', '在职', null, '17.1428571428571', null, null, '2017-05-10', '2020-05-07', null), ('2067', '孙文建', '男', '1989-06-19', '120102198906190001', '未婚', '1', '天津', '13', 'aaa', '15822218070', '营口道353号', '126', '14', '41', '公司编制', '本科', 'aa', 'aa', '2020-08-27', '在职', null, '17.2857142857143', null, null, '2020-05-03', '2020-05-27', null), ('2068', '李洁馨', '男', '2020-05-31', '120102198906190002', '未婚', '1', '天津', '13', 'aaa', '15822218070', '营口道354号', '126', '14', '41', '公司编制', '本科', 'aa', 'aa', '2020-08-28', '在职', null, '17.4285714285714', null, null, '2017-05-10', '2020-05-07', null), ('2069', '张腾宇', '男', '1989-06-19', '120102198906190001', '未婚', '1', '天津', '13', 'aaa', '15822218070', '营口道355号', '126', '14', '41', '公司编制', '本科', 'aa', 'aa', '2020-08-29', '在职', null, '17.5714285714286', null, null, '2020-05-03', '2020-05-27', null), ('2070', '杜荣华', '男', '2020-05-31', '120102198906190002', '未婚', '1', '天津', '13', 'aaa', '15822218070', '营口道356号', '126', '14', '41', '公司编制', '本科', 'aa', 'aa', '2020-08-30', '在职', null, '17.7142857142857', null, null, '2017-05-10', '2020-05-07', null), ('2071', '朴斯玥', '男', '1989-06-19', '120102198906190001', '未婚', '1', '天津', '13', 'aaa', '15822218070', '营口道357号', '126', '14', '41', '公司编制', '本科', 'aa', 'aa', '2020-08-31', '在职', null, '17.8571428571429', null, null, '2020-05-03', '2020-05-27', null), ('2072', '张凤霞', '男', '2020-05-31', '120102198906190002', '未婚', '1', '天津', '13', 'aaa', '15822218070', '营口道358号', '126', '14', '41', '公司编制', '本科', 'aa', 'aa', '2020-09-01', '在职', null, '18', null, null, '2017-05-10', '2020-05-07', null), ('2073', '王正', '男', '1989-06-19', '120102198906190001', '未婚', '1', '天津', '13', 'aaa', '15822218070', '营口道359号', '126', '14', '41', '公司编制', '本科', 'aa', 'aa', '2020-09-02', '在职', null, '18.1428571428571', null, null, '2020-05-03', '2020-05-27', null), ('2074', '王文国', '男', '2020-05-31', '120102198906190002', '未婚', '1', '天津', '13', 'aaa', '15822218070', '营口道360号', '126', '14', '41', '公司编制', '本科', 'aa', 'aa', '2020-09-03', '在职', null, '18.2857142857143', null, null, '2017-05-10', '2020-05-07', null), ('2075', '刘振宝', '男', '1989-06-19', '120102198906190001', '未婚', '1', '天津', '13', 'aaa', '15822218070', '营口道361号', '126', '14', '41', '公司编制', '本科', 'aa', 'aa', '2020-09-04', '在职', null, '18.4285714285714', null, null, '2020-05-03', '2020-05-27', null), ('2076', '乔月', '男', '2020-05-31', '120102198906190002', '未婚', '1', '天津', '13', 'aaa', '15822218070', '营口道362号', '126', '14', '41', '公司编制', '本科', 'aa', 'aa', '2020-09-05', '在职', null, '18.5714285714286', null, null, '2017-05-10', '2020-05-07', null), ('2077', '郭金盼', '男', '1989-06-19', '120102198906190001', '未婚', '1', '天津', '13', 'aaa', '15822218070', '营口道363号', '126', '14', '41', '公司编制', '本科', 'aa', 'aa', '2020-09-06', '在职', null, '18.7142857142857', null, null, '2020-05-03', '2020-05-27', null), ('2078', '刘俊婷', '男', '2020-05-31', '120102198906190002', '未婚', '1', '天津', '13', 'aaa', '15822218070', '营口道364号', '126', '14', '41', '公司编制', '本科', 'aa', 'aa', '2020-09-07', '在职', null, '18.8571428571429', null, null, '2017-05-10', '2020-05-07', null), ('2079', '关浩', '男', '1989-06-19', '120102198906190001', '未婚', '1', '天津', '13', 'aaa', '15822218070', '营口道365号', '126', '14', '41', '公司编制', '本科', 'aa', 'aa', '2020-09-08', '在职', null, '19', null, null, '2020-05-03', '2020-05-27', null), ('2080', '李然', '男', '2020-05-31', '120102198906190002', '未婚', '1', '天津', '13', 'aaa', '15822218070', '营口道366号', '126', '14', '41', '公司编制', '本科', 'aa', 'aa', '2020-09-09', '在职', null, '19.1428571428571', null, null, '2017-05-10', '2020-05-07', null), ('2081', '王立露', '男', '1989-06-19', '120102198906190001', '未婚', '1', '天津', '13', 'aaa', '15822218070', '营口道367号', '126', '14', '41', '公司编制', '本科', 'aa', 'aa', '2020-09-10', '在职', null, '19.2857142857143', null, null, '2020-05-03', '2020-05-27', null), ('2082', '刘帅', '男', '2020-05-31', '120102198906190002', '未婚', '1', '天津', '13', 'aaa', '15822218070', '营口道368号', '126', '14', '41', '公司编制', '本科', 'aa', 'aa', '2020-09-11', '在职', null, '19.4285714285714', null, null, '2017-05-10', '2020-05-07', null), ('2083', '刘莉玮', '男', '1989-06-19', '120102198906190001', '未婚', '1', '天津', '13', 'aaa', '15822218070', '营口道369号', '126', '14', '41', '公司编制', '本科', 'aa', 'aa', '2020-09-12', '在职', null, '19.5714285714286', null, null, '2020-05-03', '2020-05-27', null), ('2084', '李莹', '男', '2020-05-31', '120102198906190002', '未婚', '1', '天津', '13', 'aaa', '15822218070', '营口道370号', '126', '14', '41', '公司编制', '本科', 'aa', 'aa', '2020-09-13', '在职', null, '19.7142857142857', null, null, '2017-05-10', '2020-05-07', null), ('2085', '孟少华', '男', '1989-06-19', '120102198906190001', '未婚', '1', '天津', '13', 'aaa', '15822218070', '营口道371号', '126', '14', '41', '公司编制', '本科', 'aa', 'aa', '2020-09-14', '在职', null, '19.8571428571429', null, null, '2020-05-03', '2020-05-27', null), ('2086', '刘均辉', '男', '2020-05-31', '120102198906190002', '未婚', '1', '天津', '13', 'aaa', '15822218070', '营口道372号', '126', '14', '41', '公司编制', '本科', 'aa', 'aa', '2020-09-15', '在职', null, '20', null, null, '2017-05-10', '2020-05-07', null), ('2087', '翟羽佳', '男', '1989-06-19', '120102198906190001', '未婚', '1', '天津', '13', 'aaa', '15822218070', '营口道373号', '126', '14', '41', '公司编制', '本科', 'aa', 'aa', '2020-09-16', '在职', null, '20.1428571428571', null, null, '2020-05-03', '2020-05-27', null);
COMMIT;

-- ----------------------------
-- Table structure for empsalary
-- ----------------------------
DROP TABLE IF EXISTS `empsalary`;
CREATE TABLE `empsalary` (
`id`  int(11) NOT NULL AUTO_INCREMENT ,
`eid`  int(11) NULL DEFAULT NULL ,
`sid`  int(11) NULL DEFAULT NULL ,
PRIMARY KEY (`id`),
FOREIGN KEY (`eid`) REFERENCES `employee` (`id`) ON DELETE RESTRICT ON UPDATE RESTRICT,
FOREIGN KEY (`sid`) REFERENCES `salary_full` (`id`) ON DELETE RESTRICT ON UPDATE RESTRICT,
UNIQUE INDEX `eid` (`eid`) USING BTREE ,
INDEX `empsalary_ibfk_2` (`sid`) USING BTREE 
)
ENGINE=InnoDB
DEFAULT CHARACTER SET=utf8 COLLATE=utf8_general_ci
AUTO_INCREMENT=98

;

-- ----------------------------
-- Records of empsalary
-- ----------------------------
BEGIN;
INSERT INTO `empsalary` VALUES ('70', '1955', '3'), ('72', '1957', '5'), ('73', '1958', '4'), ('74', '1959', '6'), ('75', '1960', '2'), ('76', '1961', '5'), ('77', '1962', '9'), ('78', '1963', '6'), ('79', '1964', '7'), ('80', '1965', '9'), ('81', '1966', '9'), ('82', '1967', '5'), ('83', '1968', '4'), ('84', '1969', '1'), ('85', '1970', '6'), ('86', '1971', '7'), ('93', '1954', '4'), ('95', '1972', '6'), ('96', '1956', '1'), ('97', '1953', '4');
COMMIT;

-- ----------------------------
-- Table structure for hr
-- ----------------------------
DROP TABLE IF EXISTS `hr`;
CREATE TABLE `hr` (
`id`  int(11) NOT NULL AUTO_INCREMENT COMMENT 'hrID' ,
`name`  varchar(32) CHARACTER SET utf8 COLLATE utf8_general_ci NULL DEFAULT NULL COMMENT '姓名' ,
`phone`  char(11) CHARACTER SET utf8 COLLATE utf8_general_ci NULL DEFAULT NULL COMMENT '手机号码' ,
`telephone`  varchar(16) CHARACTER SET utf8 COLLATE utf8_general_ci NULL DEFAULT NULL COMMENT '住宅电话' ,
`address`  varchar(64) CHARACTER SET utf8 COLLATE utf8_general_ci NULL DEFAULT NULL COMMENT '联系地址' ,
`state`  tinyint(1) NULL DEFAULT 1 ,
`username`  varchar(255) CHARACTER SET utf8 COLLATE utf8_general_ci NULL DEFAULT NULL COMMENT '用户名' ,
`password`  varchar(255) CHARACTER SET utf8 COLLATE utf8_general_ci NULL DEFAULT NULL COMMENT '密码' ,
`userface`  varchar(255) CHARACTER SET utf8 COLLATE utf8_general_ci NULL DEFAULT NULL ,
`remark`  varchar(255) CHARACTER SET utf8 COLLATE utf8_general_ci NULL DEFAULT NULL ,
PRIMARY KEY (`id`)
)
ENGINE=InnoDB
DEFAULT CHARACTER SET=utf8 COLLATE=utf8_general_ci
AUTO_INCREMENT=13

;

-- ----------------------------
-- Records of hr
-- ----------------------------
BEGIN;
INSERT INTO `hr` VALUES ('3', '系统管理员', '15267850198', '022-11111111', '天津河东', '1', 'admin', '456', '', null), ('5', '张浩', '18568123489', '022-11111111', '天津和平', '1', 'zh', '123', '', null), ('10', '王维纲', '18568123666', '022-11111111', '天津蓟县', '1', 'wwg', '123', '', null), ('11', '宋薇', '18568123377', '022-11111111', '天津南开', '1', 'sw', '123', '', null), ('12', '王昕', '18568128888', '022-11111111', '广州越秀', '1', 'wx', '123', '', null);
COMMIT;

-- ----------------------------
-- Table structure for hr_role
-- ----------------------------
DROP TABLE IF EXISTS `hr_role`;
CREATE TABLE `hr_role` (
`id`  int(11) NOT NULL AUTO_INCREMENT ,
`hrid`  int(11) NULL DEFAULT NULL ,
`rid`  int(11) NULL DEFAULT NULL ,
PRIMARY KEY (`id`),
FOREIGN KEY (`hrid`) REFERENCES `hr` (`id`) ON DELETE CASCADE ON UPDATE RESTRICT,
FOREIGN KEY (`rid`) REFERENCES `role` (`id`) ON DELETE RESTRICT ON UPDATE RESTRICT,
INDEX `rid` (`rid`) USING BTREE ,
INDEX `hr_role_ibfk_1` (`hrid`) USING BTREE 
)
ENGINE=InnoDB
DEFAULT CHARACTER SET=utf8 COLLATE=utf8_general_ci
AUTO_INCREMENT=81

;

-- ----------------------------
-- Records of hr_role
-- ----------------------------
BEGIN;
INSERT INTO `hr_role` VALUES ('1', '3', '6'), ('35', '12', '4'), ('36', '12', '3'), ('37', '12', '2'), ('43', '11', '3'), ('44', '11', '2'), ('45', '11', '4'), ('46', '11', '5'), ('48', '10', '3'), ('49', '10', '4'), ('79', '5', '2'), ('80', '5', '5');
COMMIT;

-- ----------------------------
-- Table structure for insurance
-- ----------------------------
DROP TABLE IF EXISTS `insurance`;
CREATE TABLE `insurance` (
`id`  int(11) NOT NULL AUTO_INCREMENT ,
`base`  int(11) NULL DEFAULT NULL COMMENT '缴费基数' ,
`pensionPersonalPer`  double NULL DEFAULT NULL COMMENT '养老金个人比率' ,
`pensionUnitPer`  double NULL DEFAULT NULL COMMENT '养老金公司比率' ,
`pensionSumPer`  double NULL DEFAULT NULL COMMENT '养老金合计比率' ,
`medicalPersonalPer`  double NULL DEFAULT NULL COMMENT '医疗个人比率' ,
`medicalUnitPer`  double NULL DEFAULT NULL COMMENT '医疗单位比率' ,
`medicalSumPer`  double NULL DEFAULT NULL COMMENT '医疗合计比率' ,
`joblessPersonalPer`  double NULL DEFAULT NULL COMMENT '失业个人比率' ,
`joblessUnitPer`  double NULL DEFAULT NULL COMMENT '失业单位比率' ,
`joblessSumPer`  double NULL DEFAULT NULL COMMENT '失业合计比率' ,
`injury`  double NULL DEFAULT NULL COMMENT '工商保险' ,
`birth`  double NULL DEFAULT NULL COMMENT '生育险' ,
`personalDeduction`  int(11) NULL DEFAULT NULL COMMENT '个人扣款合计' ,
`largeMedical`  int(11) NULL DEFAULT NULL COMMENT '大额医疗救助' ,
`unitSum`  int(11) NULL DEFAULT NULL COMMENT '单位扣款合计' ,
`month`  int(11) NULL DEFAULT NULL COMMENT '月缴费金额' ,
PRIMARY KEY (`id`)
)
ENGINE=InnoDB
DEFAULT CHARACTER SET=utf8mb4 COLLATE=utf8mb4_0900_ai_ci
AUTO_INCREMENT=6

;

-- ----------------------------
-- Records of insurance
-- ----------------------------
BEGIN;
INSERT INTO `insurance` VALUES ('1', '11', '22', '33', '44', '55', '66', '77', '88', '99', '101', '102', '103', '104', '105', '106', '107'), ('2', '44', '44', '44', '44', '44', '44', '44', '44', '44', '44', '44', '44', '44', '44', '44', '44'), ('3', '22', '22', '22', '22', '22', '22', '22', '22', '22', '22', '22', '22', '22', '22', '22', '22'), ('5', '321', '321', '11', '11', '11', '11', '11', '11', '11', '11', '11', '11', '11', '11', '11', '11');
COMMIT;

-- ----------------------------
-- Table structure for joblevel
-- ----------------------------
DROP TABLE IF EXISTS `joblevel`;
CREATE TABLE `joblevel` (
`id`  int(11) NOT NULL AUTO_INCREMENT ,
`name`  varchar(32) CHARACTER SET utf8 COLLATE utf8_general_ci NULL DEFAULT NULL COMMENT '职称名称' ,
`titleLevel`  enum('正高级','副高级','中级','初级','员级') CHARACTER SET utf8 COLLATE utf8_general_ci NULL DEFAULT NULL ,
`createDate`  timestamp NULL DEFAULT CURRENT_TIMESTAMP ,
`enabled`  tinyint(1) NULL DEFAULT 1 ,
PRIMARY KEY (`id`)
)
ENGINE=InnoDB
DEFAULT CHARACTER SET=utf8 COLLATE=utf8_general_ci
AUTO_INCREMENT=18

;

-- ----------------------------
-- Records of joblevel
-- ----------------------------
BEGIN;
INSERT INTO `joblevel` VALUES ('14', '初级工程师', '初级', '2018-01-14 00:00:00', '1'), ('15', '中级工程师', '中级', '2018-01-14 00:00:00', '1'), ('16', '高级工程师', '副高级', '2018-01-14 16:19:14', '1'), ('17', '骨灰级工程师', '正高级', '2018-01-14 16:19:24', '1');
COMMIT;

-- ----------------------------
-- Table structure for menu
-- ----------------------------
DROP TABLE IF EXISTS `menu`;
CREATE TABLE `menu` (
`id`  int(11) NOT NULL AUTO_INCREMENT ,
`url`  varchar(64) CHARACTER SET utf8 COLLATE utf8_general_ci NULL DEFAULT NULL ,
`path`  varchar(64) CHARACTER SET utf8 COLLATE utf8_general_ci NULL DEFAULT NULL ,
`component`  varchar(64) CHARACTER SET utf8 COLLATE utf8_general_ci NULL DEFAULT NULL ,
`name`  varchar(64) CHARACTER SET utf8 COLLATE utf8_general_ci NULL DEFAULT NULL ,
`iconCls`  varchar(64) CHARACTER SET utf8 COLLATE utf8_general_ci NULL DEFAULT NULL ,
`keepAlive`  tinyint(1) NULL DEFAULT NULL ,
`requireAuth`  tinyint(1) NULL DEFAULT NULL ,
`parentId`  int(11) NULL DEFAULT NULL ,
`state`  tinyint(1) NULL DEFAULT 1 ,
PRIMARY KEY (`id`),
FOREIGN KEY (`parentId`) REFERENCES `menu` (`id`) ON DELETE RESTRICT ON UPDATE RESTRICT,
INDEX `parentId` (`parentId`) USING BTREE 
)
ENGINE=InnoDB
DEFAULT CHARACTER SET=utf8 COLLATE=utf8_general_ci
AUTO_INCREMENT=29

;

-- ----------------------------
-- Records of menu
-- ----------------------------
BEGIN;
INSERT INTO `menu` VALUES ('1', '/', null, null, '所有', null, null, null, null, '1'), ('2', '/', '/home', 'Home', '员工资料', 'fa fa-user-circle-o', null, '1', '1', '1'), ('3', '/', '/home', 'Home', '人事管理', 'fa fa-address-card-o', null, '1', '1', '1'), ('4', '/', '/home', 'Home', '薪资管理', 'fa fa-money', null, '1', '1', '1'), ('5', '/', '/home', 'Home', '统计管理', 'fa fa-bar-chart', null, '1', '1', '1'), ('6', '/', '/home', 'Home', '系统管理', 'fa fa-windows', null, '1', '1', '1'), ('7', '/employee/basic/**', '/emp/basic', 'EmpBasic', '基本资料', null, null, '1', '2', '1'), ('8', '/employee/advanced/**', '/emp/adv', 'EmpAdv', '高级资料', null, null, '1', '2', '1'), ('9', '/personnel/emp/**', '/per/emp', 'PerEmp', '员工资料', null, null, '1', '3', '1'), ('10', '/personnel/ec/**', '/per/ec', 'PerEc', '员工奖惩', null, null, '1', '3', '1'), ('11', '/personnel/train/**', '/per/train', 'PerTrain', '员工培训', null, null, '1', '3', '1'), ('12', '/personnel/salary/**', '/per/salary', 'PerSalary', '员工调薪', null, null, '1', '3', '1'), ('13', '/personnel/remove/**', '/per/mv', 'PerMv', '员工调动', null, null, '1', '3', '1'), ('14', '/salary/sob/**', '/sal/sob', 'SalSob', '工资账套管理', null, null, '1', '4', '1'), ('15', '/salary/sobcfg/**', '/sal/sobcfg', 'SalSobCfg', '员工账套设置', null, null, '1', '4', '1'), ('16', '/salary/table/**', '/sal/table', 'SalTable', '工资表管理', null, null, '1', '4', '1'), ('17', '/salary/month/**', '/sal/month', 'SalMonth', '月末处理', null, null, '1', '4', '1'), ('18', '/salary/search/**', '/sal/search', 'SalSearch', '工资表查询', null, null, '1', '4', '1'), ('19', '/statistics/all/**', '/sta/all', 'StaAll', '综合信息统计', null, null, '1', '5', '1'), ('20', '/statistics/score/**', '/sta/score', 'StaScore', '员工积分统计', null, null, '1', '5', '1'), ('21', '/statistics/personnel/**', '/sta/pers', 'StaPers', '人事信息统计', null, null, '1', '5', '1'), ('22', '/statistics/recored/**', '/sta/record', 'StaRecord', '人事记录统计', null, null, '1', '5', '1'), ('23', '/system/basic/**', '/sys/basic', 'SysBasic', '基础信息设置', null, null, '1', '6', '1'), ('24', '/system/cfg/**', '/sys/cfg', 'SysCfg', '系统管理', null, null, '1', '6', '1'), ('25', '/system/log/**', '/sys/log', 'SysLog', '操作日志管理', null, null, '1', '6', '1'), ('26', '/system/hr/**', '/sys/hr', 'SysHr', '操作员管理', null, null, '1', '6', '1'), ('27', '/system/data/**', '/sys/data', 'SysData', '备份恢复数据库', null, null, '1', '6', '1'), ('28', '/system/init/**', '/sys/init', 'SysInit', '初始化数据库', null, null, '1', '6', '1');
COMMIT;

-- ----------------------------
-- Table structure for menu_role
-- ----------------------------
DROP TABLE IF EXISTS `menu_role`;
CREATE TABLE `menu_role` (
`id`  int(11) NOT NULL AUTO_INCREMENT ,
`mid`  int(11) NULL DEFAULT NULL ,
`rid`  int(11) NULL DEFAULT NULL ,
PRIMARY KEY (`id`),
FOREIGN KEY (`mid`) REFERENCES `menu` (`id`) ON DELETE RESTRICT ON UPDATE RESTRICT,
FOREIGN KEY (`rid`) REFERENCES `role` (`id`) ON DELETE RESTRICT ON UPDATE RESTRICT,
INDEX `mid` (`mid`) USING BTREE ,
INDEX `rid` (`rid`) USING BTREE 
)
ENGINE=InnoDB
DEFAULT CHARACTER SET=utf8 COLLATE=utf8_general_ci
AUTO_INCREMENT=287

;

-- ----------------------------
-- Records of menu_role
-- ----------------------------
BEGIN;
INSERT INTO `menu_role` VALUES ('161', '7', '3'), ('162', '7', '6'), ('163', '9', '6'), ('164', '10', '6'), ('165', '11', '6'), ('166', '12', '6'), ('167', '13', '6'), ('168', '14', '6'), ('169', '15', '6'), ('170', '16', '6'), ('171', '17', '6'), ('172', '18', '6'), ('173', '19', '6'), ('174', '20', '6'), ('175', '21', '6'), ('176', '22', '6'), ('177', '23', '6'), ('178', '25', '6'), ('179', '26', '6'), ('180', '27', '6'), ('181', '28', '6'), ('182', '24', '6'), ('247', '7', '4'), ('248', '8', '4'), ('249', '11', '4'), ('256', '7', '1'), ('257', '8', '1'), ('258', '9', '1'), ('259', '10', '1'), ('260', '11', '1'), ('261', '12', '1'), ('262', '13', '1'), ('263', '14', '1'), ('264', '15', '1'), ('265', '16', '1'), ('266', '17', '1'), ('267', '18', '1'), ('268', '19', '1'), ('269', '20', '1'), ('270', '21', '1'), ('271', '22', '1'), ('272', '23', '1'), ('273', '24', '1'), ('274', '25', '1'), ('275', '26', '1'), ('276', '27', '1'), ('277', '28', '1'), ('280', '7', '14'), ('281', '8', '14'), ('282', '9', '14'), ('283', '7', '2'), ('284', '14', '2'), ('285', '15', '2'), ('286', '16', '2');
COMMIT;

-- ----------------------------
-- Table structure for mon_es
-- ----------------------------
DROP TABLE IF EXISTS `mon_es`;
CREATE TABLE `mon_es` (
`id`  int(32) NOT NULL AUTO_INCREMENT ,
`month`  timestamp NULL DEFAULT NULL COMMENT '工资月份' ,
`eid`  int(11) NULL DEFAULT NULL COMMENT '员工id' ,
`sid`  int(11) NULL DEFAULT NULL COMMENT '工资表id' ,
PRIMARY KEY (`id`)
)
ENGINE=InnoDB
DEFAULT CHARACTER SET=utf8mb4 COLLATE=utf8mb4_0900_ai_ci
AUTO_INCREMENT=240

;

-- ----------------------------
-- Records of mon_es
-- ----------------------------
BEGIN;
INSERT INTO `mon_es` VALUES ('1', '2020-05-28 15:56:02', '1', '2'), ('2', '2020-05-28 15:56:02', '2', '2'), ('3', '2020-05-28 15:56:02', '3', '1'), ('4', '2020-05-28 17:06:18', '1953', '7'), ('5', '2020-05-28 17:06:18', '1954', '8'), ('6', '2020-05-28 17:06:18', '1955', '3'), ('7', '2020-05-28 17:06:18', '1956', '5'), ('8', '2020-05-28 17:06:18', '1957', '5'), ('9', '2020-05-28 17:06:18', '1958', '4'), ('10', '2020-05-28 17:06:18', '1959', '6'), ('11', '2020-05-28 17:06:18', '1960', '2'), ('12', '2020-05-28 17:06:18', '1961', '5'), ('13', '2020-05-28 17:06:18', '1962', '9'), ('14', '2020-05-28 17:06:18', '1963', '6'), ('15', '2020-05-28 17:06:18', '1964', '7'), ('16', '2020-05-28 17:06:18', '1965', '9'), ('17', '2020-05-28 17:06:18', '1966', '9'), ('18', '2020-05-28 17:06:18', '1967', '5'), ('19', '2020-05-28 17:06:18', '1968', '4'), ('20', '2020-05-28 17:06:18', '1969', '1'), ('21', '2020-05-28 17:06:18', '1970', '6'), ('22', '2020-05-28 17:06:18', '1971', '7'), ('35', '2020-05-28 17:06:42', '1953', '7'), ('36', '2020-05-28 17:06:42', '1954', '8'), ('37', '2020-05-28 17:06:42', '1955', '3'), ('38', '2020-05-28 17:06:42', '1956', '5'), ('39', '2020-05-28 17:06:42', '1957', '5'), ('40', '2020-05-28 17:06:42', '1958', '4'), ('41', '2020-05-28 17:06:42', '1959', '6'), ('42', '2020-05-28 17:06:42', '1960', '2'), ('43', '2020-05-28 17:06:42', '1961', '5'), ('44', '2020-05-28 17:06:42', '1962', '9'), ('45', '2020-05-28 17:06:42', '1963', '6'), ('46', '2020-05-28 17:06:42', '1964', '7'), ('47', '2020-05-28 17:06:42', '1965', '9'), ('48', '2020-05-28 17:06:42', '1966', '9'), ('49', '2020-05-28 17:06:42', '1967', '5'), ('50', '2020-05-28 17:06:42', '1968', '4'), ('51', '2020-05-28 17:06:42', '1969', '1'), ('52', '2020-05-28 17:06:42', '1970', '6'), ('53', '2020-05-28 17:06:42', '1971', '7'), ('66', '2020-06-01 00:00:00', '1953', '7'), ('67', '2020-06-01 00:00:00', '1954', '8'), ('68', '2020-06-01 00:00:00', '1955', '3'), ('69', '2020-06-01 00:00:00', '1956', '5'), ('70', '2020-06-01 00:00:00', '1957', '5'), ('71', '2020-06-01 00:00:00', '1958', '4'), ('72', '2020-06-01 00:00:00', '1959', '6'), ('73', '2020-06-01 00:00:00', '1960', '2'), ('74', '2020-06-01 00:00:00', '1961', '5'), ('75', '2020-06-01 00:00:00', '1962', '9'), ('76', '2020-06-01 00:00:00', '1963', '6'), ('77', '2020-06-01 00:00:00', '1964', '7'), ('78', '2020-06-01 00:00:00', '1965', '9'), ('79', '2020-06-01 00:00:00', '1966', '9'), ('80', '2020-06-01 00:00:00', '1967', '5'), ('81', '2020-06-01 00:00:00', '1968', '4'), ('82', '2020-06-01 00:00:00', '1969', '1'), ('83', '2020-06-01 00:00:00', '1970', '6'), ('84', '2020-06-01 00:00:00', '1971', '7'), ('97', '2020-06-01 00:00:00', '1953', '7'), ('98', '2020-06-01 00:00:00', '1954', '8'), ('99', '2020-06-01 00:00:00', '1955', '3'), ('100', '2020-06-01 00:00:00', '1956', '5'), ('101', '2020-06-01 00:00:00', '1957', '5'), ('102', '2020-06-01 00:00:00', '1958', '4'), ('103', '2020-06-01 00:00:00', '1959', '6'), ('104', '2020-06-01 00:00:00', '1960', '2'), ('105', '2020-06-01 00:00:00', '1961', '5'), ('106', '2020-06-01 00:00:00', '1962', '9'), ('107', '2020-06-01 00:00:00', '1963', '6'), ('108', '2020-06-01 00:00:00', '1964', '7'), ('109', '2020-06-01 00:00:00', '1965', '9'), ('110', '2020-06-01 00:00:00', '1966', '9'), ('111', '2020-06-01 00:00:00', '1967', '5'), ('112', '2020-06-01 00:00:00', '1968', '4'), ('113', '2020-06-01 00:00:00', '1969', '1'), ('114', '2020-06-01 00:00:00', '1970', '6'), ('115', '2020-06-01 00:00:00', '1971', '7'), ('128', '2020-06-01 00:00:00', '1953', '7'), ('129', '2020-06-01 00:00:00', '1954', '8'), ('130', '2020-06-01 00:00:00', '1955', '3'), ('131', '2020-06-01 00:00:00', '1956', '5'), ('132', '2020-06-01 00:00:00', '1957', '5'), ('133', '2020-06-01 00:00:00', '1958', '4'), ('134', '2020-06-01 00:00:00', '1959', '6'), ('135', '2020-06-01 00:00:00', '1960', '2'), ('136', '2020-06-01 00:00:00', '1961', '5'), ('137', '2020-06-01 00:00:00', '1962', '9'), ('138', '2020-06-01 00:00:00', '1963', '6'), ('139', '2020-06-01 00:00:00', '1964', '7'), ('140', '2020-06-01 00:00:00', '1965', '9'), ('141', '2020-06-01 00:00:00', '1966', '9'), ('142', '2020-06-01 00:00:00', '1967', '5'), ('143', '2020-06-01 00:00:00', '1968', '4'), ('144', '2020-06-01 00:00:00', '1969', '1'), ('145', '2020-06-01 00:00:00', '1970', '6'), ('146', '2020-06-01 00:00:00', '1971', '7'), ('159', '2020-11-01 00:00:00', '1953', '7'), ('160', '2020-11-01 00:00:00', '1954', '8');
INSERT INTO `mon_es` VALUES ('161', '2020-11-01 00:00:00', '1955', '3'), ('162', '2020-11-01 00:00:00', '1956', '5'), ('163', '2020-11-01 00:00:00', '1957', '5'), ('164', '2020-11-01 00:00:00', '1958', '4'), ('165', '2020-11-01 00:00:00', '1959', '6'), ('166', '2020-11-01 00:00:00', '1960', '2'), ('167', '2020-11-01 00:00:00', '1961', '5'), ('168', '2020-11-01 00:00:00', '1962', '9'), ('169', '2020-11-01 00:00:00', '1963', '6'), ('170', '2020-11-01 00:00:00', '1964', '7'), ('171', '2020-11-01 00:00:00', '1965', '9'), ('172', '2020-11-01 00:00:00', '1966', '9'), ('173', '2020-11-01 00:00:00', '1967', '5'), ('174', '2020-11-01 00:00:00', '1968', '4'), ('175', '2020-11-01 00:00:00', '1969', '1'), ('176', '2020-11-01 00:00:00', '1970', '6'), ('177', '2020-11-01 00:00:00', '1971', '7'), ('190', null, '1953', '7'), ('191', null, '1954', '8'), ('192', null, '1955', '3'), ('193', null, '1956', '5'), ('194', null, '1957', '5'), ('195', null, '1958', '4'), ('196', null, '1959', '6'), ('197', null, '1960', '2'), ('198', null, '1961', '5'), ('199', null, '1962', '9'), ('200', null, '1963', '6'), ('201', null, '1964', '7'), ('202', null, '1965', '9'), ('203', null, '1966', '9'), ('204', null, '1967', '5'), ('205', null, '1968', '4'), ('206', null, '1969', '1'), ('207', null, '1970', '6'), ('208', null, '1971', '7'), ('221', '2020-05-01 00:00:00', '1953', '7'), ('222', '2020-05-01 00:00:00', '1954', '8'), ('223', '2020-05-01 00:00:00', '1955', '3'), ('224', '2020-05-01 00:00:00', '1956', '5'), ('225', '2020-05-01 00:00:00', '1957', '5'), ('226', '2020-05-01 00:00:00', '1958', '4'), ('227', '2020-05-01 00:00:00', '1959', '6'), ('228', '2020-05-01 00:00:00', '1960', '2'), ('229', '2020-05-01 00:00:00', '1961', '5'), ('230', '2020-05-01 00:00:00', '1962', '9'), ('231', '2020-05-01 00:00:00', '1963', '6'), ('232', '2020-05-01 00:00:00', '1964', '7'), ('233', '2020-05-01 00:00:00', '1965', '9'), ('234', '2020-05-01 00:00:00', '1966', '9'), ('235', '2020-05-01 00:00:00', '1967', '5'), ('236', '2020-05-01 00:00:00', '1968', '4'), ('237', '2020-05-01 00:00:00', '1969', '1'), ('238', '2020-05-01 00:00:00', '1970', '6'), ('239', '2020-05-01 00:00:00', '1971', '7');
COMMIT;

-- ----------------------------
-- Table structure for nation
-- ----------------------------
DROP TABLE IF EXISTS `nation`;
CREATE TABLE `nation` (
`id`  int(11) NOT NULL AUTO_INCREMENT ,
`name`  varchar(32) CHARACTER SET utf8 COLLATE utf8_general_ci NULL DEFAULT NULL ,
PRIMARY KEY (`id`)
)
ENGINE=InnoDB
DEFAULT CHARACTER SET=utf8 COLLATE=utf8_general_ci
AUTO_INCREMENT=57

;

-- ----------------------------
-- Records of nation
-- ----------------------------
BEGIN;
INSERT INTO `nation` VALUES ('1', '汉族'), ('2', '蒙古族'), ('3', '回族'), ('4', '藏族'), ('5', '维吾尔族'), ('6', '苗族'), ('7', '彝族'), ('8', '壮族'), ('9', '布依族'), ('10', '朝鲜族'), ('11', '满族'), ('12', '侗族'), ('13', '瑶族'), ('14', '白族'), ('15', '土家族'), ('16', '哈尼族'), ('17', '哈萨克族'), ('18', '傣族'), ('19', '黎族'), ('20', '傈僳族'), ('21', '佤族'), ('22', '畲族'), ('23', '高山族'), ('24', '拉祜族'), ('25', '水族'), ('26', '东乡族'), ('27', '纳西族'), ('28', '景颇族'), ('29', '柯尔克孜族'), ('30', '土族'), ('31', '达斡尔族'), ('32', '仫佬族'), ('33', '羌族'), ('34', '布朗族'), ('35', '撒拉族'), ('36', '毛难族'), ('37', '仡佬族'), ('38', '锡伯族'), ('39', '阿昌族'), ('40', '普米族'), ('41', '塔吉克族'), ('42', '怒族'), ('43', '乌孜别克族'), ('44', '俄罗斯族'), ('45', '鄂温克族'), ('46', '崩龙族'), ('47', '保安族'), ('48', '裕固族'), ('49', '京族'), ('50', '塔塔尔族'), ('51', '独龙族'), ('52', '鄂伦春族'), ('53', '赫哲族'), ('54', '门巴族'), ('55', '珞巴族');
COMMIT;

-- ----------------------------
-- Table structure for politicsstatus
-- ----------------------------
DROP TABLE IF EXISTS `politicsstatus`;
CREATE TABLE `politicsstatus` (
`id`  int(11) NOT NULL AUTO_INCREMENT ,
`name`  varchar(32) CHARACTER SET utf8 COLLATE utf8_general_ci NULL DEFAULT NULL ,
PRIMARY KEY (`id`)
)
ENGINE=InnoDB
DEFAULT CHARACTER SET=utf8 COLLATE=utf8_general_ci
AUTO_INCREMENT=14

;

-- ----------------------------
-- Records of politicsstatus
-- ----------------------------
BEGIN;
INSERT INTO `politicsstatus` VALUES ('1', '中共党员'), ('2', '中共预备党员'), ('3', '共青团员'), ('4', '民革党员'), ('5', '民盟盟员'), ('6', '民建会员'), ('7', '民进会员'), ('8', '农工党党员'), ('9', '致公党党员'), ('10', '九三学社社员'), ('11', '台盟盟员'), ('12', '无党派民主人士'), ('13', '普通公民');
COMMIT;

-- ----------------------------
-- Table structure for position
-- ----------------------------
DROP TABLE IF EXISTS `position`;
CREATE TABLE `position` (
`id`  int(11) NOT NULL AUTO_INCREMENT ,
`name`  varchar(32) CHARACTER SET utf8 COLLATE utf8_general_ci NULL DEFAULT NULL COMMENT '职位' ,
`createDate`  timestamp NULL DEFAULT CURRENT_TIMESTAMP ,
`enabled`  tinyint(1) NULL DEFAULT 1 ,
PRIMARY KEY (`id`),
UNIQUE INDEX `name` (`name`) USING BTREE 
)
ENGINE=InnoDB
DEFAULT CHARACTER SET=utf8 COLLATE=utf8_general_ci
AUTO_INCREMENT=46

;

-- ----------------------------
-- Records of position
-- ----------------------------
BEGIN;
INSERT INTO `position` VALUES ('37', '董事长', '2020-05-27 15:42:08', '1'), ('38', '总经理', '2020-05-27 15:43:06', '1'), ('39', '副经理', '2020-05-27 15:43:14', '1'), ('40', '技术总监', '2020-05-27 15:43:23', '1'), ('41', '技术岗', '2020-05-27 15:43:31', '1'), ('42', '管理岗', '2020-05-27 15:43:38', '1'), ('43', '退休返聘', '2020-05-27 15:43:53', '1'), ('44', '昆明分院', '2020-05-27 15:45:09', '1'), ('45', 'jhjhfjh', '2020-05-29 21:28:40', '1');
COMMIT;

-- ----------------------------
-- Table structure for provident
-- ----------------------------
DROP TABLE IF EXISTS `provident`;
CREATE TABLE `provident` (
`id`  int(11) NOT NULL AUTO_INCREMENT ,
`base`  int(11) NULL DEFAULT NULL COMMENT '缴费基数' ,
`per`  double NULL DEFAULT NULL COMMENT '缴费比例' ,
`personal`  int(11) NULL DEFAULT NULL COMMENT '个人' ,
`unit`  int(11) NULL DEFAULT NULL COMMENT '单位' ,
`month`  int(11) NULL DEFAULT NULL COMMENT '月缴费合计' ,
`back`  int(11) NULL DEFAULT NULL COMMENT '补缴' ,
`total`  int(11) NULL DEFAULT NULL COMMENT '合计' ,
PRIMARY KEY (`id`)
)
ENGINE=InnoDB
DEFAULT CHARACTER SET=utf8mb4 COLLATE=utf8mb4_0900_ai_ci
AUTO_INCREMENT=4

;

-- ----------------------------
-- Records of provident
-- ----------------------------
BEGIN;
INSERT INTO `provident` VALUES ('1', '11', '22', '33', '44', '55', '66', '77'), ('2', '22', '22', '22', '22', '22', '22', '22'), ('3', '33', '33', '33', '33', '33', '33', '33');
COMMIT;

-- ----------------------------
-- Table structure for role
-- ----------------------------
DROP TABLE IF EXISTS `role`;
CREATE TABLE `role` (
`id`  int(11) NOT NULL AUTO_INCREMENT ,
`name`  varchar(64) CHARACTER SET utf8 COLLATE utf8_general_ci NULL DEFAULT NULL ,
`nameZh`  varchar(64) CHARACTER SET utf8 COLLATE utf8_general_ci NULL DEFAULT NULL COMMENT '角色名称' ,
PRIMARY KEY (`id`)
)
ENGINE=InnoDB
DEFAULT CHARACTER SET=utf8 COLLATE=utf8_general_ci
AUTO_INCREMENT=22

;

-- ----------------------------
-- Records of role
-- ----------------------------
BEGIN;
INSERT INTO `role` VALUES ('1', 'ROLE_manager', '部门经理'), ('2', 'ROLE_personnel', '人事专员'), ('3', 'ROLE_recruiter', '招聘主管'), ('4', 'ROLE_train', '培训主管'), ('5', 'ROLE_performance', '薪酬绩效主管'), ('6', 'ROLE_admin', '系统管理员'), ('13', 'ROLE_test2', '测试角色2'), ('14', 'ROLE_test1', '测试角色1'), ('17', 'ROLE_test3', '测试角色3');
COMMIT;

-- ----------------------------
-- Table structure for salary
-- ----------------------------
DROP TABLE IF EXISTS `salary`;
CREATE TABLE `salary` (
`id`  int(11) NOT NULL AUTO_INCREMENT ,
`name`  varchar(32) CHARACTER SET utf8 COLLATE utf8_general_ci NULL DEFAULT NULL ,
`bonus`  int(11) NULL DEFAULT NULL COMMENT '奖金' ,
`allSalary`  int(11) NULL DEFAULT NULL COMMENT '应发工资' ,
`createDate`  timestamp NULL DEFAULT NULL COMMENT '启用时间' ,
`issueDate`  timestamp NULL DEFAULT NULL COMMENT '工资发布日期' ,
`wageId`  int(11) NULL DEFAULT NULL COMMENT '基本工资' ,
`insuranceId`  int(11) NULL DEFAULT NULL COMMENT '社保' ,
`providentId`  int(11) NULL DEFAULT NULL COMMENT '公积金' ,
PRIMARY KEY (`id`),
INDEX `wageId` (`wageId`) USING BTREE ,
INDEX `insuranceId` (`insuranceId`) USING BTREE ,
INDEX `providentId` (`providentId`) USING BTREE 
)
ENGINE=InnoDB
DEFAULT CHARACTER SET=utf8 COLLATE=utf8_general_ci
AUTO_INCREMENT=18

;

-- ----------------------------
-- Records of salary
-- ----------------------------
BEGIN;
INSERT INTO `salary` VALUES ('9', '市场部工资账套', '4000', null, '2018-01-24 00:00:00', '2020-05-01 20:28:54', '1', '1', '1'), ('10', '人事部工资账套', '2000', null, '2018-01-01 00:00:00', '2020-04-01 20:29:05', '2', '2', '2'), ('13', '运维部工资账套', '3000', null, '2018-01-25 00:00:00', '2020-03-01 20:29:12', '3', '3', '3'), ('17', '123', '4', null, '2020-05-24 16:25:05', '2020-02-01 20:29:17', '1', '1', '1');
COMMIT;

-- ----------------------------
-- Table structure for salary_full
-- ----------------------------
DROP TABLE IF EXISTS `salary_full`;
CREATE TABLE `salary_full` (
`id`  int(11) NOT NULL AUTO_INCREMENT ,
`name`  varchar(32) CHARACTER SET utf8mb4 COLLATE utf8mb4_0900_ai_ci NULL DEFAULT NULL COMMENT '套账名称' ,
`basicWage`  int(11) NULL DEFAULT NULL COMMENT '基础工资' ,
`seniorityWage`  int(11) NULL DEFAULT NULL COMMENT '工龄工资' ,
`positionWage`  int(11) NULL DEFAULT NULL COMMENT '岗位工资' ,
`performanceWage`  int(11) NULL DEFAULT NULL COMMENT '基础绩效工资' ,
`phoneAllowance`  int(11) NULL DEFAULT NULL COMMENT '通讯补贴' ,
`trafficAllowance`  int(11) NULL DEFAULT NULL COMMENT '交通补贴' ,
`registAllowance`  int(11) NULL DEFAULT NULL COMMENT '注册补贴' ,
`registSupply`  int(11) NULL DEFAULT NULL COMMENT '注册补发' ,
`rentAllowance`  int(11) NULL DEFAULT NULL COMMENT '租房补贴' ,
`rentSupply`  int(11) NULL DEFAULT NULL COMMENT '租房补发' ,
`aloneAllowance`  int(11) NULL DEFAULT NULL COMMENT '独生子女补贴' ,
`aloneSupply`  int(11) NULL DEFAULT NULL COMMENT '独生子女补贴补发' ,
`hui`  int(11) NULL DEFAULT NULL COMMENT '回民' ,
`fire`  int(11) NULL DEFAULT NULL COMMENT '烤火费' ,
`cool`  int(11) NULL DEFAULT NULL COMMENT '防暑降温费' ,
`propertyAllowance`  int(11) NULL DEFAULT NULL COMMENT '物业补贴' ,
`warmAllowance`  int(11) NULL DEFAULT NULL COMMENT '采暖补贴' ,
`warmSupply`  int(11) NULL DEFAULT NULL COMMENT '采暖补贴补发' ,
`propertySupply`  int(11) NULL DEFAULT NULL COMMENT '物业补贴补发' ,
`supply`  int(11) NULL DEFAULT NULL COMMENT '补发费用' ,
`deduction`  int(11) NULL DEFAULT NULL COMMENT '扣款' ,
`sickPersonalLeave`  int(11) NULL DEFAULT NULL COMMENT '病事假' ,
`sum`  int(11) NULL DEFAULT NULL COMMENT '应发合计' ,
`pension`  int(11) NULL DEFAULT NULL COMMENT '养老金' ,
`largeMedical`  int(11) NULL DEFAULT NULL COMMENT '大额医疗' ,
`occupationalAnnuity`  int(11) NULL DEFAULT NULL COMMENT '职业年金' ,
`provident`  int(11) NULL DEFAULT NULL COMMENT '公积金' ,
`occupationalAnnuityDecuction`  int(11) NULL DEFAULT NULL COMMENT '补扣职业年金' ,
`largeMedicalDeduction`  int(11) NULL DEFAULT NULL COMMENT '补扣大额医疗' ,
`pensionBack`  int(11) NULL DEFAULT NULL COMMENT '补缴养老金' ,
`insuranceDeduction`  int(11) NULL DEFAULT NULL COMMENT '补扣保险' ,
`sumDeduction`  int(11) NULL DEFAULT NULL COMMENT '扣款合计' ,
`providentBack`  int(11) NULL DEFAULT NULL COMMENT '补缴公积金' ,
`providentDeduction`  int(11) NULL DEFAULT NULL COMMENT '补扣公积金' ,
`member`  int(11) NULL DEFAULT NULL COMMENT '会员费' ,
`individual`  int(11) NULL DEFAULT NULL COMMENT '扣个税' ,
`actualSum`  int(11) NULL DEFAULT NULL COMMENT '实发合计' ,
`agencySum`  int(11) NULL DEFAULT NULL COMMENT '代发合计' ,
`deductionSum`  int(11) NULL DEFAULT NULL COMMENT '代扣合计' ,
`repay`  int(11) NULL DEFAULT NULL COMMENT '还款' ,
`actualWage`  int(11) NULL DEFAULT NULL COMMENT '实发工资' ,
`addProvidentBack`  int(11) NULL DEFAULT NULL COMMENT '补缴补充公积金' ,
`total`  int(11) NULL DEFAULT NULL COMMENT '应付工资' ,
`base`  int(11) NULL DEFAULT NULL COMMENT '缴费基数' ,
`pensionPersonalPer`  double(5,2) NULL DEFAULT NULL COMMENT '养老金个人比率' ,
`pensionUnitPer`  double(5,2) NULL DEFAULT NULL COMMENT '养老金公司比率' ,
`pensionSumPer`  double(5,2) NULL DEFAULT NULL COMMENT '养老金合计比率' ,
`medicalPersonalPer`  double(5,2) NULL DEFAULT NULL COMMENT '医疗个人比率' ,
`medicalUnitPer`  double(5,2) NULL DEFAULT NULL COMMENT '医疗单位比率' ,
`medicalSumPer`  double(5,2) NULL DEFAULT NULL COMMENT '医疗合计比率' ,
`joblessPersonalPer`  double(5,2) NULL DEFAULT NULL COMMENT '失业个人比率' ,
`joblessUnitPer`  double(5,2) NULL DEFAULT NULL COMMENT '失业单位比率' ,
`joblessSumPer`  double(5,2) NULL DEFAULT NULL COMMENT '失业合计比率' ,
`injury`  double(5,2) NULL DEFAULT NULL COMMENT '工伤保险' ,
`birth`  double(5,2) NULL DEFAULT NULL COMMENT '生育险' ,
`personalDeduction`  int(11) NULL DEFAULT NULL COMMENT '个人扣款合计' ,
`ilargeMedical`  int(11) NULL DEFAULT NULL COMMENT '大额医疗救助' ,
`unitSum`  int(11) NULL DEFAULT NULL COMMENT '单位扣款合计' ,
`month`  int(11) NULL DEFAULT NULL COMMENT '月缴费金额' ,
`pbase`  int(11) NULL DEFAULT NULL COMMENT '缴费基数' ,
`per`  int(11) NULL DEFAULT NULL COMMENT '缴费比例' ,
`personal`  int(11) NULL DEFAULT NULL COMMENT '个人' ,
`unit`  int(11) NULL DEFAULT NULL COMMENT '单位' ,
`pmonth`  int(11) NULL DEFAULT NULL COMMENT '月缴费合计' ,
`back`  int(11) NULL DEFAULT NULL COMMENT '补缴' ,
`ptotal`  int(11) NULL DEFAULT NULL COMMENT '合计' ,
`bonus`  int(11) NULL DEFAULT NULL COMMENT '奖金' ,
`allSalary`  int(11) NULL DEFAULT NULL COMMENT '总收入' ,
`createDate`  timestamp NULL DEFAULT NULL COMMENT '创建时间' ,
`issueDate`  timestamp NULL DEFAULT NULL COMMENT '发布时间' ,
PRIMARY KEY (`id`)
)
ENGINE=InnoDB
DEFAULT CHARACTER SET=utf8mb4 COLLATE=utf8mb4_0900_ai_ci
AUTO_INCREMENT=15

;

-- ----------------------------
-- Records of salary_full
-- ----------------------------
BEGIN;
INSERT INTO `salary_full` VALUES ('1', '基本工资套账', '0', '0', '0', '700', '170', '300', '0', '0', '0', '0', '0', '0', '0', '520', '0', '0', '0', '0', '0', '0', '0', '0', '0', '0', '260', '0', '0', '0', '0', '0', '0', '0', '0', '0', '0', '0', '0', '0', '0', '0', '0', '0', '0', '300', '24.00', '48.00', '72.00', '6.00', '30.00', '36.00', '1.50', '1.50', '3.00', '1.65', '1.50', '0', '0', '0', '0', '0', '0', '0', '0', '0', '0', '0', '0', '0', '2020-05-26 10:52:30', '2020-05-01 10:52:33'), ('2', '阳升5月工资', '2', '2', '2', '2', '2', '2', '2', '2', '2', '2', '2', '2', '2', '2', '2', '2', '2', '2', '2', '2', '2', '2', '2', '2', '2', '2', '2', '2', '2', '2', '2', '2', '2', '2', '2', '2', '2', '2', '2', '2', '2', '2', '2', '2', '2.00', '2.00', '2.00', '2.00', '2.00', '2.00', '2.00', '2.00', '2.00', '2.00', '2.00', '2', '2', '2', '2', '2', '2', '2', '2', '2', '2', '2', '2', '2', '2020-04-02 11:13:23', '2020-05-01 11:13:27'), ('3', '院编制5月工资', '3', '3', '3', '3', '3', '3', '3', '3', '8', '3', '3', '3', '3', '3', '3', '3', '3', '3', '3', '3', '3', '3', '3', '3', '3', '3', '3', '3', '3', '3', '3', '3', '3', '3', '3', '3', '3', '3', '3', '3', '3', '3', '3', '3', '3.00', '3.00', '3.00', '3.00', '3.00', '3.00', '3.00', '3.00', '3.00', '3.00', '3.00', '3', '3', '3', '3', '3', '3', '3', '3', '3', '3', '3', '3', '3', '2020-03-01 11:14:05', '2020-05-01 11:14:09'), ('4', 'bim中心4月工资', '1', '2', '3', '4', '5', '6', '7', '8', '9', '10', '11', '12', '13', '14', '15', '16', '17', '18', '19', '20', '21', '22', '23', '24', '25', '26', '27', '28', '29', '30', '31', '32', '33', '34', '35', '36', '37', '38', '39', '40', '41', '42', '43', '44', '45.00', '46.00', '47.00', '48.00', '49.00', '50.00', '51.00', '52.00', '53.00', '54.00', '55.00', '56', '57', '58', '59', '60', '61', '62', '63', '64', '65', '66', '67', '68', '2020-05-26 18:08:49', '2020-04-01 18:30:00'), ('5', '阳升4月工资', '1', '2', '3', '4', '5', '6', '7', '8', '9', '10', '11', '12', '13', '14', '15', '16', '17', '18', '19', '20', '21', '22', '23', '24', '25', '26', '27', '28', '29', '30', '31', '32', '33', '34', '35', '36', '37', '38', '39', '40', '41', '42', '43', '44', '45.00', '46.00', '47.00', '48.00', '49.00', '50.00', '51.00', '52.00', '53.00', '54.00', '55.00', '56', '57', '58', '59', '60', '61', '62', '63', '64', '65', '66', '67', '68', '2020-05-26 18:10:59', '2020-04-01 18:30:09'), ('6', '院编制4月工资', '200', '1', '1', '1', '300', '1', '1', '1', '1', '1', '1', '1', '1', '1', '500', '1', '1', '1', '1', '1', '1', '1', '1', '1', '1', '1', '1', '1', '1', '700', '1', '1', '1', '1', '1', '1', '1', '1', '1', '1', '1', '1', '1', '1', '1.00', '1.00', '1.00', '1.00', '1.00', '1.00', '1.00', '1.00', '1.00', '1.00', '1.00', '1', '1', '1', '1', '1', '1', '1', '1', '1', '1', '1', '1', '1', '2020-05-26 18:12:08', '2020-04-01 18:30:12'), ('7', 'bim中心3月工资', '2', '2', '2', '2', '2', '2', '2', '2', '123', '3453', '2', '2', '2', '2', '2', '2', '2', '2', '2', '2', '2', '2', '2', '2', '2', '2', '2', '2', '2', '2', '2', '2', '2', '2', '2', '2', '2', '2', '2', '2', '2', '2', '2', '2', '2.00', '2.00', '2.00', '2.00', '2.00', '2.00', '2.00', '2.00', '2.00', '2.00', '2.00', '2', '2', '2', '2', '2', '2', '2', '2', '2', '2', '2', '2', '2', '2020-05-26 18:15:08', '2020-03-01 18:30:17'), ('8', '阳升3月工资', '1', '1', '1', '1', '1', '1', '1', '1', '1', '1', '123', '1', '1', '1', '1', '1', '1', '1', '1', '1', '1', '1', '1', '1', '1', '1', '1', '1', '1', '1', '1', '1', '1', '444', '1', '1', '1', '1', '1', '1', '1', '1', '1', '1', '1.00', '1.00', '1.00', '1.00', '1.00', '1.00', '1.00', '1.00', '1.00', '1.00', '1.00', '1', '1', '1', '1', '1', '1', '1', '1', '1', '1', '1', '1', '1', '2020-05-26 18:22:41', '2020-03-01 18:30:25'), ('9', '院编制3月工资', '1', '2', '3', '4', '5', '6', '7', '8', '9', '10', '11', '12', '13', '14', '15', '16', '17', '18', '19', '20', '21', '22', '23', '24', '25', '26', '27', '28', '29', '30', '31', '32', '33', '34', '35', '36', '37', '38', '39', '40', '41', '42', '43', '44', '45.00', '46.00', '47.00', '48.00', '49.00', '50.00', '51.00', '52.00', '53.00', '54.00', '55.00', '56', '57', '58', '59', '60', '61', '62', '63', '64', '65', '66', '67', '68', '2020-05-27 18:02:22', '2020-03-01 18:30:30'), ('14', '默认名称', '1', '2', '3', '4', '5', '6', '7', '8', '9', '10', '11', '12', '13', '14', '15', '16', '17', '18', '19', '20', '21', '22', '23', '24', '25', '26', '27', '28', '29', '30', '31', '32', '33', '34', '35', '36', '37', '38', '39', '40', '41', '42', '43', '44', '45.00', '46.00', '47.00', '48.00', '49.00', '50.00', '51.00', '52.00', '53.00', '54.00', '55.00', '56', '57', '58', '59', '60', '61', '62', '63', '64', '65', '66', '67', '68', '2020-05-28 21:04:01', null);
COMMIT;

-- ----------------------------
-- Table structure for salary_month
-- ----------------------------
DROP TABLE IF EXISTS `salary_month`;
CREATE TABLE `salary_month` (
`id`  int(11) NOT NULL AUTO_INCREMENT ,
`inmonth`  timestamp NULL DEFAULT NULL COMMENT '工资月份' ,
`ename`  varchar(10) CHARACTER SET utf8mb4 COLLATE utf8mb4_0900_ai_ci NULL DEFAULT NULL COMMENT '员工姓名' ,
`basicWage`  int(11) NULL DEFAULT NULL COMMENT '基础工资' ,
`seniorityWage`  int(11) NULL DEFAULT NULL COMMENT '工龄工资' ,
`positionWage`  int(11) NULL DEFAULT NULL COMMENT '岗位工资' ,
`performanceWage`  int(11) NULL DEFAULT NULL COMMENT '基础绩效工资' ,
`phoneAllowance`  int(11) NULL DEFAULT NULL COMMENT '通讯补贴' ,
`trafficAllowance`  int(11) NULL DEFAULT NULL COMMENT '交通补贴' ,
`registAllowance`  int(11) NULL DEFAULT NULL COMMENT '注册补贴' ,
`registSupply`  int(11) NULL DEFAULT NULL COMMENT '注册补发' ,
`rentAllowance`  int(11) NULL DEFAULT NULL COMMENT '租房补贴' ,
`rentSupply`  int(11) NULL DEFAULT NULL COMMENT '租房补发' ,
`aloneAllowance`  int(11) NULL DEFAULT NULL COMMENT '独生子女补贴' ,
`aloneSupply`  int(11) NULL DEFAULT NULL COMMENT '独生子女补贴补发' ,
`hui`  int(11) NULL DEFAULT NULL COMMENT '回民' ,
`fire`  int(11) NULL DEFAULT NULL COMMENT '烤火费' ,
`cool`  int(11) NULL DEFAULT NULL COMMENT '防暑降温费' ,
`propertyAllowance`  int(11) NULL DEFAULT NULL COMMENT '物业补贴' ,
`warmAllowance`  int(11) NULL DEFAULT NULL COMMENT '采暖补贴' ,
`warmSupply`  int(11) NULL DEFAULT NULL COMMENT '采暖补贴补发' ,
`propertySupply`  int(11) NULL DEFAULT NULL COMMENT '物业补贴补发' ,
`supply`  int(11) NULL DEFAULT NULL COMMENT '补发费用' ,
`deduction`  int(11) NULL DEFAULT NULL COMMENT '扣款' ,
`sickPersonalLeave`  int(11) NULL DEFAULT NULL COMMENT '病事假' ,
`sum`  int(11) NULL DEFAULT NULL COMMENT '应发合计' ,
`pension`  int(11) NULL DEFAULT NULL COMMENT '养老金' ,
`largeMedical`  int(11) NULL DEFAULT NULL COMMENT '大额医疗' ,
`occupationalAnnuity`  int(11) NULL DEFAULT NULL COMMENT '职业年金' ,
`provident`  int(11) NULL DEFAULT NULL COMMENT '公积金' ,
`occupationalAnnuityDecuction`  int(11) NULL DEFAULT NULL COMMENT '补扣职业年金' ,
`largeMedicalDeduction`  int(11) NULL DEFAULT NULL COMMENT '补扣大额医疗' ,
`pensionBack`  int(11) NULL DEFAULT NULL COMMENT '补缴养老金' ,
`insuranceDeduction`  int(11) NULL DEFAULT NULL COMMENT '补扣保险' ,
`sumDeduction`  int(11) NULL DEFAULT NULL COMMENT '扣款合计' ,
`providentBack`  int(11) NULL DEFAULT NULL COMMENT '补缴公积金' ,
`providentDeduction`  int(11) NULL DEFAULT NULL COMMENT '补扣公积金' ,
`member`  int(11) NULL DEFAULT NULL COMMENT '会员费' ,
`individual`  int(11) NULL DEFAULT NULL COMMENT '扣个税' ,
`actualSum`  int(11) NULL DEFAULT NULL COMMENT '实发合计' ,
`agencySum`  int(11) NULL DEFAULT NULL COMMENT '代发合计' ,
`deductionSum`  int(11) NULL DEFAULT NULL COMMENT '代扣合计' ,
`repay`  int(11) NULL DEFAULT NULL COMMENT '还款' ,
`actualWage`  int(11) NULL DEFAULT NULL COMMENT '实发工资' ,
`addProvidentBack`  int(11) NULL DEFAULT NULL COMMENT '补缴补充公积金' ,
`total`  int(11) NULL DEFAULT NULL COMMENT '应付工资' ,
`base`  int(11) NULL DEFAULT NULL COMMENT '缴费基数' ,
`pensionPersonalPer`  double(5,2) NULL DEFAULT NULL COMMENT '养老金个人比率' ,
`pensionUnitPer`  double(5,2) NULL DEFAULT NULL COMMENT '养老金公司比率' ,
`pensionSumPer`  double(5,2) NULL DEFAULT NULL COMMENT '养老金合计比率' ,
`medicalPersonalPer`  double(5,2) NULL DEFAULT NULL COMMENT '医疗个人比率' ,
`medicalUnitPer`  double(5,2) NULL DEFAULT NULL COMMENT '医疗单位比率' ,
`medicalSumPer`  double(5,2) NULL DEFAULT NULL COMMENT '医疗合计比率' ,
`joblessPersonalPer`  double(5,2) NULL DEFAULT NULL COMMENT '失业个人比率' ,
`joblessUnitPer`  double(5,2) NULL DEFAULT NULL COMMENT '失业单位比率' ,
`joblessSumPer`  double(5,2) NULL DEFAULT NULL COMMENT '失业合计比率' ,
`injury`  double(5,2) NULL DEFAULT NULL COMMENT '工伤保险' ,
`birth`  double(5,2) NULL DEFAULT NULL COMMENT '生育险' ,
`personalDeduction`  int(11) NULL DEFAULT NULL COMMENT '个人扣款合计' ,
`ilargeMedical`  int(11) NULL DEFAULT NULL COMMENT '大额医疗救助' ,
`unitSum`  int(11) NULL DEFAULT NULL COMMENT '单位扣款合计' ,
`month`  int(11) NULL DEFAULT NULL COMMENT '月缴费金额' ,
`pbase`  int(11) NULL DEFAULT NULL COMMENT '缴费基数' ,
`per`  int(11) NULL DEFAULT NULL COMMENT '缴费比例' ,
`personal`  int(11) NULL DEFAULT NULL COMMENT '个人' ,
`unit`  int(11) NULL DEFAULT NULL COMMENT '单位' ,
`pmonth`  int(11) NULL DEFAULT NULL COMMENT '月缴费合计' ,
`back`  int(11) NULL DEFAULT NULL COMMENT '补缴' ,
`ptotal`  int(11) NULL DEFAULT NULL COMMENT '合计' ,
`bonus`  int(11) NULL DEFAULT NULL COMMENT '奖金' ,
`allSalary`  int(11) NULL DEFAULT NULL COMMENT '总收入' ,
PRIMARY KEY (`id`)
)
ENGINE=InnoDB
DEFAULT CHARACTER SET=utf8mb4 COLLATE=utf8mb4_0900_ai_ci
AUTO_INCREMENT=113

;

-- ----------------------------
-- Records of salary_month
-- ----------------------------
BEGIN;
INSERT INTO `salary_month` VALUES ('74', '2020-07-31 08:00:00', '张建华', '2', '2', '2', '2', '2', '2', '2', '2', '123', '3453', '2', '2', '2', '2', '2', '2', '2', '2', '2', '2', '2', '2', '2', '2', '2', '2', '2', '2', '2', '2', '2', '2', '2', '2', '2', '2', '2', '2', '2', '2', '2', '2', '2', '2', '2.00', '2.00', '2.00', '2.00', '2.00', '2.00', '2.00', '2.00', '2.00', '2.00', '2.00', '2', '2', '2', '2', '2', '2', '2', '2', '2', '2', '2', '2', '2'), ('75', '2020-07-31 08:00:00', '臧莉静', '1', '2', '3', '4', '5', '6', '7', '8', '9', '10', '11', '12', '13', '14', '15', '16', '17', '18', '19', '20', '21', '22', '23', '24', '25', '26', '27', '28', '29', '30', '31', '32', '33', '34', '35', '36', '37', '38', '39', '40', '41', '42', '43', '44', '45.00', '46.00', '47.00', '48.00', '49.00', '50.00', '51.00', '52.00', '53.00', '54.00', '55.00', '56', '57', '58', '59', '60', '61', '62', '63', '64', '65', '66', '67', '68'), ('76', '2020-07-31 08:00:00', '王维刚', '3', '3', '3', '3', '3', '3', '3', '3', '8', '3', '3', '3', '3', '3', '3', '3', '3', '3', '3', '3', '3', '3', '3', '3', '3', '3', '3', '3', '3', '3', '3', '3', '3', '3', '3', '3', '3', '3', '3', '3', '3', '3', '3', '3', '3.00', '3.00', '3.00', '3.00', '3.00', '3.00', '3.00', '3.00', '3.00', '3.00', '3.00', '3', '3', '3', '3', '3', '3', '3', '3', '3', '3', '3', '3', '3'), ('77', '2020-07-31 08:00:00', '张浩', '1', '2', '3', '4', '5', '6', '7', '8', '9', '10', '11', '12', '13', '14', '15', '16', '17', '18', '19', '20', '21', '22', '23', '24', '25', '26', '27', '28', '29', '30', '31', '32', '33', '34', '35', '36', '37', '38', '39', '40', '41', '42', '43', '44', '45.00', '46.00', '47.00', '48.00', '49.00', '50.00', '51.00', '52.00', '53.00', '54.00', '55.00', '56', '57', '58', '59', '60', '61', '62', '63', '64', '65', '66', '67', '68'), ('78', '2020-07-31 08:00:00', '鲁航线', '1', '2', '3', '4', '5', '6', '7', '8', '9', '10', '11', '12', '13', '14', '15', '16', '17', '18', '19', '20', '21', '22', '23', '24', '25', '26', '27', '28', '29', '30', '31', '32', '33', '34', '35', '36', '37', '38', '39', '40', '41', '42', '43', '44', '45.00', '46.00', '47.00', '48.00', '49.00', '50.00', '51.00', '52.00', '53.00', '54.00', '55.00', '56', '57', '58', '59', '60', '61', '62', '63', '64', '65', '66', '67', '68'), ('79', '2020-07-31 08:00:00', '王磊', '1', '2', '3', '4', '5', '6', '7', '8', '9', '10', '11', '12', '13', '14', '15', '16', '17', '18', '19', '20', '21', '22', '23', '24', '25', '26', '27', '28', '29', '30', '31', '32', '33', '34', '35', '36', '37', '38', '39', '40', '41', '42', '43', '44', '45.00', '46.00', '47.00', '48.00', '49.00', '50.00', '51.00', '52.00', '53.00', '54.00', '55.00', '56', '57', '58', '59', '60', '61', '62', '63', '64', '65', '66', '67', '68'), ('80', '2020-07-31 08:00:00', '刘丽', '200', '1', '1', '1', '300', '1', '1', '1', '1', '1', '1', '1', '1', '1', '500', '1', '1', '1', '1', '1', '1', '1', '1', '1', '1', '1', '1', '1', '1', '700', '1', '1', '1', '1', '1', '1', '1', '1', '1', '1', '1', '1', '1', '1', '1.00', '1.00', '1.00', '1.00', '1.00', '1.00', '1.00', '1.00', '1.00', '1.00', '1.00', '1', '1', '1', '1', '1', '1', '1', '1', '1', '1', '1', '1', '1'), ('81', '2020-07-31 08:00:00', '王向辉', '2', '2', '2', '2', '2', '2', '2', '2', '2', '2', '2', '2', '2', '2', '2', '2', '2', '2', '2', '2', '2', '2', '2', '2', '2', '2', '2', '2', '2', '2', '2', '2', '2', '2', '2', '2', '2', '2', '2', '2', '2', '2', '2', '2', '2.00', '2.00', '2.00', '2.00', '2.00', '2.00', '2.00', '2.00', '2.00', '2.00', '2.00', '2', '2', '2', '2', '2', '2', '2', '2', '2', '2', '2', '2', '2'), ('82', '2020-07-31 08:00:00', '王昕', '1', '2', '3', '4', '5', '6', '7', '8', '9', '10', '11', '12', '13', '14', '15', '16', '17', '18', '19', '20', '21', '22', '23', '24', '25', '26', '27', '28', '29', '30', '31', '32', '33', '34', '35', '36', '37', '38', '39', '40', '41', '42', '43', '44', '45.00', '46.00', '47.00', '48.00', '49.00', '50.00', '51.00', '52.00', '53.00', '54.00', '55.00', '56', '57', '58', '59', '60', '61', '62', '63', '64', '65', '66', '67', '68'), ('83', '2020-07-31 08:00:00', '张天雄', '1', '2', '3', '4', '5', '6', '7', '8', '9', '10', '11', '12', '13', '14', '15', '16', '17', '18', '19', '20', '21', '22', '23', '24', '25', '26', '27', '28', '29', '30', '31', '32', '33', '34', '35', '36', '37', '38', '39', '40', '41', '42', '43', '44', '45.00', '46.00', '47.00', '48.00', '49.00', '50.00', '51.00', '52.00', '53.00', '54.00', '55.00', '56', '57', '58', '59', '60', '61', '62', '63', '64', '65', '66', '67', '68'), ('84', '2020-07-31 08:00:00', '宋巍', '200', '1', '1', '1', '300', '1', '1', '1', '1', '1', '1', '1', '1', '1', '500', '1', '1', '1', '1', '1', '1', '1', '1', '1', '1', '1', '1', '1', '1', '700', '1', '1', '1', '1', '1', '1', '1', '1', '1', '1', '1', '1', '1', '1', '1.00', '1.00', '1.00', '1.00', '1.00', '1.00', '1.00', '1.00', '1.00', '1.00', '1.00', '1', '1', '1', '1', '1', '1', '1', '1', '1', '1', '1', '1', '1'), ('85', '2020-07-31 08:00:00', '张晓璇', '2', '2', '2', '2', '2', '2', '2', '2', '123', '3453', '2', '2', '2', '2', '2', '2', '2', '2', '2', '2', '2', '2', '2', '2', '2', '2', '2', '2', '2', '2', '2', '2', '2', '2', '2', '2', '2', '2', '2', '2', '2', '2', '2', '2', '2.00', '2.00', '2.00', '2.00', '2.00', '2.00', '2.00', '2.00', '2.00', '2.00', '2.00', '2', '2', '2', '2', '2', '2', '2', '2', '2', '2', '2', '2', '2'), ('86', '2020-07-31 08:00:00', '杨子立', '1', '2', '3', '4', '5', '6', '7', '8', '9', '10', '11', '12', '13', '14', '15', '16', '17', '18', '19', '20', '21', '22', '23', '24', '25', '26', '27', '28', '29', '30', '31', '32', '33', '34', '35', '36', '37', '38', '39', '40', '41', '42', '43', '44', '45.00', '46.00', '47.00', '48.00', '49.00', '50.00', '51.00', '52.00', '53.00', '54.00', '55.00', '56', '57', '58', '59', '60', '61', '62', '63', '64', '65', '66', '67', '68'), ('87', '2020-07-31 08:00:00', '李菁', '1', '2', '3', '4', '5', '6', '7', '8', '9', '10', '11', '12', '13', '14', '15', '16', '17', '18', '19', '20', '21', '22', '23', '24', '25', '26', '27', '28', '29', '30', '31', '32', '33', '34', '35', '36', '37', '38', '39', '40', '41', '42', '43', '44', '45.00', '46.00', '47.00', '48.00', '49.00', '50.00', '51.00', '52.00', '53.00', '54.00', '55.00', '56', '57', '58', '59', '60', '61', '62', '63', '64', '65', '66', '67', '68'), ('88', '2020-07-31 08:00:00', '张杨', '1', '2', '3', '4', '5', '6', '7', '8', '9', '10', '11', '12', '13', '14', '15', '16', '17', '18', '19', '20', '21', '22', '23', '24', '25', '26', '27', '28', '29', '30', '31', '32', '33', '34', '35', '36', '37', '38', '39', '40', '41', '42', '43', '44', '45.00', '46.00', '47.00', '48.00', '49.00', '50.00', '51.00', '52.00', '53.00', '54.00', '55.00', '56', '57', '58', '59', '60', '61', '62', '63', '64', '65', '66', '67', '68'), ('89', '2020-07-31 08:00:00', '张述超', '1', '2', '3', '4', '5', '6', '7', '8', '9', '10', '11', '12', '13', '14', '15', '16', '17', '18', '19', '20', '21', '22', '23', '24', '25', '26', '27', '28', '29', '30', '31', '32', '33', '34', '35', '36', '37', '38', '39', '40', '41', '42', '43', '44', '45.00', '46.00', '47.00', '48.00', '49.00', '50.00', '51.00', '52.00', '53.00', '54.00', '55.00', '56', '57', '58', '59', '60', '61', '62', '63', '64', '65', '66', '67', '68'), ('90', '2020-07-31 08:00:00', '伍梦竹', '0', '0', '0', '700', '170', '300', '0', '0', '0', '0', '0', '0', '0', '520', '0', '0', '0', '0', '0', '0', '0', '0', '0', '0', '260', '0', '0', '0', '0', '0', '0', '0', '0', '0', '0', '0', '0', '0', '0', '0', '0', '0', '0', '0', '0.00', '0.00', '0.00', '0.00', '0.00', '0.00', '0.00', '0.00', '0.00', '0.00', '0.00', '0', '0', '0', '0', '0', '0', '0', '0', '0', '0', '0', '0', '0'), ('91', '2020-07-31 08:00:00', '李彦', '200', '1', '1', '1', '300', '1', '1', '1', '1', '1', '1', '1', '1', '1', '500', '1', '1', '1', '1', '1', '1', '1', '1', '1', '1', '1', '1', '1', '1', '700', '1', '1', '1', '1', '1', '1', '1', '1', '1', '1', '1', '1', '1', '1', '1.00', '1.00', '1.00', '1.00', '1.00', '1.00', '1.00', '1.00', '1.00', '1.00', '1.00', '1', '1', '1', '1', '1', '1', '1', '1', '1', '1', '1', '1', '1'), ('92', '2020-07-31 08:00:00', '李倩', '2', '2', '2', '2', '2', '2', '2', '2', '123', '3453', '2', '2', '2', '2', '2', '2', '2', '2', '2', '2', '2', '2', '2', '2', '2', '2', '2', '2', '2', '2', '2', '2', '2', '2', '2', '2', '2', '2', '2', '2', '2', '2', '2', '2', '2.00', '2.00', '2.00', '2.00', '2.00', '2.00', '2.00', '2.00', '2.00', '2.00', '2.00', '2', '2', '2', '2', '2', '2', '2', '2', '2', '2', '2', '2', '2'), ('94', '2020-07-31 08:00:00', '宋巍', '200', '1', '1', '1', '300', '1', '1', '1', '1', '1', '1', '1', '1', '1', '500', '1', '1', '1', '1', '1', '1', '1', '1', '1', '1', '1', '1', '1', '1', '700', '1', '1', '1', '1', '1', '1', '1', '1', '1', '1', '1', '1', '1', '1', '1.00', '1.00', '1.00', '1.00', '1.00', '1.00', '1.00', '1.00', '1.00', '1.00', '1.00', '1', '1', '1', '1', '1', '1', '1', '1', '1', '1', '1', '1', '1'), ('95', '2020-07-31 08:00:00', '张晓璇', '2', '2', '2', '2', '2', '2', '2', '2', '123', '3453', '2', '2', '2', '2', '2', '2', '2', '2', '2', '2', '2', '2', '2', '2', '2', '2', '2', '2', '2', '2', '2', '2', '2', '2', '2', '2', '2', '2', '2', '2', '2', '2', '2', '2', '2.00', '2.00', '2.00', '2.00', '2.00', '2.00', '2.00', '2.00', '2.00', '2.00', '2.00', '2', '2', '2', '2', '2', '2', '2', '2', '2', '2', '2', '2', '2'), ('96', '2020-07-31 08:00:00', '杨子立', '1', '2', '3', '4', '5', '6', '7', '8', '9', '10', '11', '12', '13', '14', '15', '16', '17', '18', '19', '20', '21', '22', '23', '24', '25', '26', '27', '28', '29', '30', '31', '32', '33', '34', '35', '36', '37', '38', '39', '40', '41', '42', '43', '44', '45.00', '46.00', '47.00', '48.00', '49.00', '50.00', '51.00', '52.00', '53.00', '54.00', '55.00', '56', '57', '58', '59', '60', '61', '62', '63', '64', '65', '66', '67', '68'), ('97', '2020-07-31 08:00:00', '李菁', '1', '2', '3', '4', '5', '6', '7', '8', '9', '10', '11', '12', '13', '14', '15', '16', '17', '18', '19', '20', '21', '22', '23', '24', '25', '26', '27', '28', '29', '30', '31', '32', '33', '34', '35', '36', '37', '38', '39', '40', '41', '42', '43', '44', '45.00', '46.00', '47.00', '48.00', '49.00', '50.00', '51.00', '52.00', '53.00', '54.00', '55.00', '56', '57', '58', '59', '60', '61', '62', '63', '64', '65', '66', '67', '68'), ('98', '2020-07-31 08:00:00', '张杨', '1', '2', '3', '4', '5', '6', '7', '8', '9', '10', '11', '12', '13', '14', '15', '16', '17', '18', '19', '20', '21', '22', '23', '24', '25', '26', '27', '28', '29', '30', '31', '32', '33', '34', '35', '36', '37', '38', '39', '40', '41', '42', '43', '44', '45.00', '46.00', '47.00', '48.00', '49.00', '50.00', '51.00', '52.00', '53.00', '54.00', '55.00', '56', '57', '58', '59', '60', '61', '62', '63', '64', '65', '66', '67', '68'), ('99', '2020-07-31 08:00:00', '张述超', '1', '2', '3', '4', '5', '6', '7', '8', '9', '10', '11', '12', '13', '14', '15', '16', '17', '18', '19', '20', '21', '22', '23', '24', '25', '26', '27', '28', '29', '30', '31', '32', '33', '34', '35', '36', '37', '38', '39', '40', '41', '42', '43', '44', '45.00', '46.00', '47.00', '48.00', '49.00', '50.00', '51.00', '52.00', '53.00', '54.00', '55.00', '56', '57', '58', '59', '60', '61', '62', '63', '64', '65', '66', '67', '68'), ('100', '2020-07-31 08:00:00', '伍梦竹', '0', '0', '0', '700', '170', '300', '0', '0', '0', '0', '0', '0', '0', '520', '0', '0', '0', '0', '0', '0', '0', '0', '0', '0', '260', '0', '0', '0', '0', '0', '0', '0', '0', '0', '0', '0', '0', '0', '0', '0', '0', '0', '0', '0', '0.00', '0.00', '0.00', '0.00', '0.00', '0.00', '0.00', '0.00', '0.00', '0.00', '0.00', '0', '0', '0', '0', '0', '0', '0', '0', '0', '0', '0', '0', '0'), ('101', '2020-07-31 08:00:00', '李彦', '200', '1', '1', '1', '300', '1', '1', '1', '1', '1', '1', '1', '1', '1', '500', '1', '1', '1', '1', '1', '1', '1', '1', '1', '1', '1', '1', '1', '1', '700', '1', '1', '1', '1', '1', '1', '1', '1', '1', '1', '1', '1', '1', '1', '1.00', '1.00', '1.00', '1.00', '1.00', '1.00', '1.00', '1.00', '1.00', '1.00', '1.00', '1', '1', '1', '1', '1', '1', '1', '1', '1', '1', '1', '1', '1'), ('102', '2020-07-31 08:00:00', '李倩', '2', '2', '2', '2', '2', '2', '2', '2', '123', '3453', '2', '2', '2', '2', '2', '2', '2', '2', '2', '2', '2', '2', '2', '2', '2', '2', '2', '2', '2', '2', '2', '2', '2', '2', '2', '2', '2', '2', '2', '2', '2', '2', '2', '2', '2.00', '2.00', '2.00', '2.00', '2.00', '2.00', '2.00', '2.00', '2.00', '2.00', '2.00', '2', '2', '2', '2', '2', '2', '2', '2', '2', '2', '2', '2', '2'), ('103', '2020-07-31 08:00:00', '寇琳', '200', '1', '1', '1', '300', '1', '1', '1', '1', '1', '1', '1', '1', '1', '500', '1', '1', '1', '1', '1', '1', '1', '1', '1', '1', '1', '1', '1', '1', '700', '1', '1', '1', '1', '1', '1', '1', '1', '1', '1', '1', '1', '1', '1', '1.00', '1.00', '1.00', '1.00', '1.00', '1.00', '1.00', '1.00', '1.00', '1.00', '1.00', '1', '1', '1', '1', '1', '1', '1', '1', '1', '1', '1', '1', '1'), ('104', '2020-06-30 08:00:00', '张建华', '2', '2', '2', '2', '2', '2', '2', '2', '123', '3453', '2', '2', '2', '2', '2', '2', '2', '2', '2', '2', '2', '2', '2', '2', '2', '2', '2', '2', '2', '2', '2', '2', '2', '2', '2', '2', '2', '2', '2', '2', '2', '2', '2', '2', '2.00', '2.00', '2.00', '2.00', '2.00', '2.00', '2.00', '2.00', '2.00', '2.00', '2.00', '2', '2', '2', '2', '2', '2', '2', '2', '2', '2', '2', '2', '2'), ('105', '2020-06-30 08:00:00', '臧莉静', '1', '2', '3', '4', '5', '6', '7', '8', '9', '10', '11', '12', '13', '14', '15', '16', '17', '18', '19', '20', '21', '22', '23', '24', '25', '26', '27', '28', '29', '30', '31', '32', '33', '34', '35', '36', '37', '38', '39', '40', '41', '42', '43', '44', '45.00', '46.00', '47.00', '48.00', '49.00', '50.00', '51.00', '52.00', '53.00', '54.00', '55.00', '56', '57', '58', '59', '60', '61', '62', '63', '64', '65', '66', '67', '68'), ('106', '2020-06-30 08:00:00', '王维刚', '3', '3', '3', '3', '3', '3', '3', '3', '8', '3', '3', '3', '3', '3', '3', '3', '3', '3', '3', '3', '3', '3', '3', '3', '3', '3', '3', '3', '3', '3', '3', '3', '3', '3', '3', '3', '3', '3', '3', '3', '3', '3', '3', '3', '3.00', '3.00', '3.00', '3.00', '3.00', '3.00', '3.00', '3.00', '3.00', '3.00', '3.00', '3', '3', '3', '3', '3', '3', '3', '3', '3', '3', '3', '3', '3'), ('107', '2020-06-30 08:00:00', '张浩', '0', '0', '0', '700', '170', '300', '0', '0', '0', '0', '0', '0', '0', '520', '0', '0', '0', '0', '0', '0', '0', '0', '0', '0', '260', '0', '0', '0', '0', '0', '0', '0', '0', '0', '0', '0', '0', '0', '0', '0', '0', '0', '0', '0', '0.00', '0.00', '0.00', '0.00', '0.00', '0.00', '0.00', '0.00', '0.00', '0.00', '0.00', '0', '0', '0', '0', '0', '0', '0', '0', '0', '0', '0', '0', '0'), ('108', '2020-06-30 08:00:00', '鲁航线', '1', '2', '3', '4', '5', '6', '7', '8', '9', '10', '11', '12', '13', '14', '15', '16', '17', '18', '19', '20', '21', '22', '23', '24', '25', '26', '27', '28', '29', '30', '31', '32', '33', '34', '35', '36', '37', '38', '39', '40', '41', '42', '43', '44', '45.00', '46.00', '47.00', '48.00', '49.00', '50.00', '51.00', '52.00', '53.00', '54.00', '55.00', '56', '57', '58', '59', '60', '61', '62', '63', '64', '65', '66', '67', '68'), ('109', '2020-06-30 08:00:00', '王磊', '1', '2', '3', '4', '5', '6', '7', '8', '9', '10', '11', '12', '13', '14', '15', '16', '17', '18', '19', '20', '21', '22', '23', '24', '25', '26', '27', '28', '29', '30', '31', '32', '33', '34', '35', '36', '37', '38', '39', '40', '41', '42', '43', '44', '45.00', '46.00', '47.00', '48.00', '49.00', '50.00', '51.00', '52.00', '53.00', '54.00', '55.00', '56', '57', '58', '59', '60', '61', '62', '63', '64', '65', '66', '67', '68'), ('110', '2020-06-30 08:00:00', '刘丽', '200', '1', '1', '1', '300', '1', '1', '1', '1', '1', '1', '1', '1', '1', '500', '1', '1', '1', '1', '1', '1', '1', '1', '1', '1', '1', '1', '1', '1', '700', '1', '1', '1', '1', '1', '1', '1', '1', '1', '1', '1', '1', '1', '1', '1.00', '1.00', '1.00', '1.00', '1.00', '1.00', '1.00', '1.00', '1.00', '1.00', '1.00', '1', '1', '1', '1', '1', '1', '1', '1', '1', '1', '1', '1', '1'), ('111', '2020-06-30 08:00:00', '王向辉', '2', '2', '2', '2', '2', '2', '2', '2', '2', '2', '2', '2', '2', '2', '2', '2', '2', '2', '2', '2', '2', '2', '2', '2', '2', '2', '2', '2', '2', '2', '2', '2', '2', '2', '2', '2', '2', '2', '2', '2', '2', '2', '2', '2', '2.00', '2.00', '2.00', '2.00', '2.00', '2.00', '2.00', '2.00', '2.00', '2.00', '2.00', '2', '2', '2', '2', '2', '2', '2', '2', '2', '2', '2', '2', '2'), ('112', '2020-06-30 08:00:00', '王昕', '1', '2', '3', '4', '5', '6', '7', '8', '9', '10', '11', '12', '13', '14', '15', '16', '17', '18', '19', '20', '21', '22', '23', '24', '25', '26', '27', '28', '29', '30', '31', '32', '33', '34', '35', '36', '37', '38', '39', '40', '41', '42', '43', '44', '45.00', '46.00', '47.00', '48.00', '49.00', '50.00', '51.00', '52.00', '53.00', '54.00', '55.00', '56', '57', '58', '59', '60', '61', '62', '63', '64', '65', '66', '67', '68'), ('113', '2020-06-30 08:00:00', '张天雄', '1', '2', '3', '4', '5', '6', '7', '8', '9', '10', '11', '12', '13', '14', '15', '16', '17', '18', '19', '20', '21', '22', '23', '24', '25', '26', '27', '28', '29', '30', '31', '32', '33', '34', '35', '36', '37', '38', '39', '40', '41', '42', '43', '44', '45.00', '46.00', '47.00', '48.00', '49.00', '50.00', '51.00', '52.00', '53.00', '54.00', '55.00', '56', '57', '58', '59', '60', '61', '62', '63', '64', '65', '66', '67', '68');
COMMIT;

-- ----------------------------
-- Table structure for test
-- ----------------------------
DROP TABLE IF EXISTS `test`;
CREATE TABLE `test` (
`id`  int(11) NOT NULL AUTO_INCREMENT ,
`name`  varchar(255) CHARACTER SET utf8mb4 COLLATE utf8mb4_0900_ai_ci NULL DEFAULT NULL ,
PRIMARY KEY (`id`)
)
ENGINE=InnoDB
DEFAULT CHARACTER SET=utf8mb4 COLLATE=utf8mb4_0900_ai_ci
AUTO_INCREMENT=6

;

-- ----------------------------
-- Records of test
-- ----------------------------
BEGIN;
INSERT INTO `test` VALUES ('1', 'yang'), ('2', 'zhang'), ('3', 'li');
COMMIT;

-- ----------------------------
-- Table structure for wage
-- ----------------------------
DROP TABLE IF EXISTS `wage`;
CREATE TABLE `wage` (
`id`  int(11) NOT NULL AUTO_INCREMENT ,
`basicWage`  int(11) NULL DEFAULT NULL COMMENT '基础工资' ,
`seniorityWage`  int(11) NULL DEFAULT NULL COMMENT '工龄工资' ,
`positionWage`  int(11) NULL DEFAULT NULL COMMENT '岗位工资' ,
`performanceWage`  int(11) NULL DEFAULT NULL COMMENT '基础绩效工资' ,
`phoneAllowance`  int(11) NULL DEFAULT NULL COMMENT '通讯补贴' ,
`trafficAllowance`  int(11) NULL DEFAULT NULL COMMENT '交通补贴' ,
`registAllowance`  int(11) NULL DEFAULT NULL COMMENT '注册补贴' ,
`registSupply`  int(11) NULL DEFAULT NULL COMMENT '注册补发' ,
`rentAllowance`  int(11) NULL DEFAULT NULL COMMENT '租房补贴' ,
`rentSupply`  int(11) NULL DEFAULT NULL COMMENT '租房补发' ,
`aloneAllowance`  int(11) NULL DEFAULT NULL COMMENT '独生子女补贴' ,
`aloneSupply`  int(11) NULL DEFAULT NULL COMMENT '独生子女补贴补发' ,
`hui`  int(11) NULL DEFAULT NULL COMMENT '回民' ,
`fire`  int(11) NULL DEFAULT NULL COMMENT '烤火费' ,
`cool`  int(11) NULL DEFAULT NULL COMMENT '防暑降温费' ,
`propertyAllowance`  int(11) NULL DEFAULT NULL COMMENT '物业补贴' ,
`warmAllowance`  int(11) NULL DEFAULT NULL COMMENT '采暖补贴' ,
`warmSupply`  int(11) NULL DEFAULT NULL COMMENT '采暖补贴补发' ,
`propertySupply`  int(11) NULL DEFAULT NULL COMMENT '物业补贴补发' ,
`supply`  int(11) NULL DEFAULT NULL COMMENT '补发费用' ,
`deduction`  int(11) NULL DEFAULT NULL COMMENT '扣款' ,
`sickPersonalLeave`  int(11) NULL DEFAULT NULL COMMENT '病事假' ,
`sum`  int(11) NULL DEFAULT NULL COMMENT '应发合计' ,
`pension`  int(11) NULL DEFAULT NULL COMMENT '养老金' ,
`largeMedical`  int(11) NULL DEFAULT NULL COMMENT '大额医疗' ,
`occupationalAnnuity`  int(11) NULL DEFAULT NULL COMMENT '职业年金' ,
`provident`  int(11) NULL DEFAULT NULL COMMENT '公积金' ,
`occupationalAnnuityDecuction`  int(11) NULL DEFAULT NULL COMMENT '补扣职业年金' ,
`largeMedicalDeduction`  int(11) NULL DEFAULT NULL COMMENT '补扣大额医疗' ,
`pensionBack`  int(11) NULL DEFAULT NULL COMMENT '补缴养老金' ,
`insuranceDeduction`  int(11) NULL DEFAULT NULL COMMENT '补扣保险' ,
`sumDeduction`  int(11) NULL DEFAULT NULL COMMENT '扣款合计' ,
`providentBack`  int(11) NULL DEFAULT NULL COMMENT '补缴公积金' ,
`providentDeduction`  int(11) NULL DEFAULT NULL COMMENT '补扣公积金' ,
`member`  int(11) NULL DEFAULT NULL COMMENT '会员费' ,
`individual`  int(11) NULL DEFAULT NULL COMMENT '扣个税' ,
`actualSum`  int(11) NULL DEFAULT NULL COMMENT '实发合计' ,
`agencySum`  int(11) NULL DEFAULT NULL COMMENT '代发合计' ,
`deductionSum`  int(11) NULL DEFAULT NULL COMMENT '代扣合计' ,
`repay`  int(11) NULL DEFAULT NULL COMMENT '还款' ,
`actualWage`  int(11) NULL DEFAULT NULL COMMENT '实发工资' ,
`addProvidentBack`  int(11) NULL DEFAULT NULL COMMENT '补缴补充公积金' ,
`total`  int(11) NULL DEFAULT NULL COMMENT '应付工资' ,
PRIMARY KEY (`id`)
)
ENGINE=InnoDB
DEFAULT CHARACTER SET=utf8mb4 COLLATE=utf8mb4_0900_ai_ci
AUTO_INCREMENT=4

;

-- ----------------------------
-- Records of wage
-- ----------------------------
BEGIN;
INSERT INTO `wage` VALUES ('1', '100', '200', '300', '40', '170', '300', '100', '100', '100', '100', '100', '100', '100', '100', '100', '100', '100', '100', '100', '100', '100', '100', '100', '100', '100', '100', '100', '100', '100', '100', '100', '100', '100', '100', '100', '100', '100', '100', '100', '100', '100', '100', '100'), ('2', '11', '1', '1', '1', '1', '1', '1', '1', '11', '1', '1', '1', '1', '1', '1', '1', '1', '1', '1', '1', '1', '1', '11', '1', '1', '1', '1', '1', '1', '1', '1', '1', '1', '1', '1', '1', '1', '1', '1', '1', '1', '1', '1'), ('3', '2', '2', '2', '2', '2', '2', '2', '2', '2', '2', '2', '2', '2', '2', '2', '2', '2', '2', '2', '2', '2', '2', '2', '2', '2', '2', '2', '2', '2', '2', '2', '2', '2', '2', '2', '2', '2', '2', '2', '2', '2', '2', '2');
COMMIT;

-- ----------------------------
-- Procedure structure for addDep
-- ----------------------------
DROP PROCEDURE IF EXISTS `addDep`;
DELIMITER ;;
CREATE DEFINER=`root`@`localhost` PROCEDURE `addDep`(in depName varchar(32),in parentId int,in enabled boolean,out result int,out result2 int)
begin
  declare did int;
  declare pDepPath varchar(64);
  insert into department set name=depName,parentId=parentId,enabled=enabled;
  select row_count() into result;
  select last_insert_id() into did;
  set result2=did;
  select depPath into pDepPath from department where id=parentId;
  update department set depPath=concat(pDepPath,'.',did) where id=did;
  update department set isParent=true where id=parentId;
end
;;
DELIMITER ;

-- ----------------------------
-- Procedure structure for deleteDep
-- ----------------------------
DROP PROCEDURE IF EXISTS `deleteDep`;
DELIMITER ;;
CREATE DEFINER=`root`@`localhost` PROCEDURE `deleteDep`(in did int,out result int)
begin
  declare ecount int;
  declare pid int;
  declare pcount int;
  declare a int;
  select count(*) into a from department where id=did and isParent=false;
  if a=0 then set result=-2;
  else
  select count(*) into ecount from employee where departmentId=did;
  if ecount>0 then set result=-1;
  else
  select parentId into pid from department where id=did;
  delete from department where id=did and isParent=false;
  select row_count() into result;
  select count(*) into pcount from department where parentId=pid;
  if pcount=0 then update department set isParent=false where id=pid;
  end if;
  end if;
  end if;
end
;;
DELIMITER ;

-- ----------------------------
-- Auto increment value for department
-- ----------------------------
ALTER TABLE `department` AUTO_INCREMENT=133;

-- ----------------------------
-- Auto increment value for employee
-- ----------------------------
ALTER TABLE `employee` AUTO_INCREMENT=2089;

-- ----------------------------
-- Auto increment value for empsalary
-- ----------------------------
ALTER TABLE `empsalary` AUTO_INCREMENT=98;

-- ----------------------------
-- Auto increment value for hr
-- ----------------------------
ALTER TABLE `hr` AUTO_INCREMENT=13;

-- ----------------------------
-- Auto increment value for hr_role
-- ----------------------------
ALTER TABLE `hr_role` AUTO_INCREMENT=81;

-- ----------------------------
-- Auto increment value for insurance
-- ----------------------------
ALTER TABLE `insurance` AUTO_INCREMENT=6;

-- ----------------------------
-- Auto increment value for joblevel
-- ----------------------------
ALTER TABLE `joblevel` AUTO_INCREMENT=18;

-- ----------------------------
-- Auto increment value for menu
-- ----------------------------
ALTER TABLE `menu` AUTO_INCREMENT=29;

-- ----------------------------
-- Auto increment value for menu_role
-- ----------------------------
ALTER TABLE `menu_role` AUTO_INCREMENT=287;

-- ----------------------------
-- Auto increment value for mon_es
-- ----------------------------
ALTER TABLE `mon_es` AUTO_INCREMENT=240;

-- ----------------------------
-- Auto increment value for nation
-- ----------------------------
ALTER TABLE `nation` AUTO_INCREMENT=57;

-- ----------------------------
-- Auto increment value for politicsstatus
-- ----------------------------
ALTER TABLE `politicsstatus` AUTO_INCREMENT=14;

-- ----------------------------
-- Auto increment value for position
-- ----------------------------
ALTER TABLE `position` AUTO_INCREMENT=46;

-- ----------------------------
-- Auto increment value for provident
-- ----------------------------
ALTER TABLE `provident` AUTO_INCREMENT=4;

-- ----------------------------
-- Auto increment value for role
-- ----------------------------
ALTER TABLE `role` AUTO_INCREMENT=22;

-- ----------------------------
-- Auto increment value for salary
-- ----------------------------
ALTER TABLE `salary` AUTO_INCREMENT=18;

-- ----------------------------
-- Auto increment value for salary_full
-- ----------------------------
ALTER TABLE `salary_full` AUTO_INCREMENT=15;

-- ----------------------------
-- Auto increment value for salary_month
-- ----------------------------
ALTER TABLE `salary_month` AUTO_INCREMENT=113;

-- ----------------------------
-- Auto increment value for test
-- ----------------------------
ALTER TABLE `test` AUTO_INCREMENT=6;

-- ----------------------------
-- Auto increment value for wage
-- ----------------------------
ALTER TABLE `wage` AUTO_INCREMENT=4;
